Rank,Title,Volume,Yearly sales
1,One Piece,#108,1552215
2,Jujutsu Kaisen,#25,1542345
3,One Piece,#109,1467881
4,Jujutsu Kaisen,#26,1416480
5,Jujutsu Kaisen,#27,1191959
6,One Piece,#110,1123762
7,Spy x Family,#13,1046181
8,Jujutsu Kaisen,#28,982900
9,Spy x Family,#14,812167
10,Hunter x Hunter,#38,734441
11,My Hero Academia,#40,717757
12,Frieren: Beyond Journey's End,#12,685795
13,Kingdom,#71,623144
14,Frieren: Beyond Journey's End,#13,615901
15,My Hero Academia,#41,607661
16,Kingdom,#72,589083
17,Kaiju No. 8,#11,548378
18,Kaiju No. 8,#12,507239
19,Kingdom,#73,504450
20,That Time I Got Reincarnated as a Slime,#25,491864
21,Kaiju No. 8,#13,460511
22,Blue Lock,#27,451315
23,Oshi no Ko,#14,449870
24,The Apothecary Diaries,#13,445237
25,That Time I Got Reincarnated as a Slime,#26,443205
26,Chainsaw Man,#16,424370
27,Don't Call it Mystery,#14,411084
28,Blue Lock,#28,406685
29,Oshi no Ko,#15,398878
30,One Piece,#107,397184
31,World Trigger,#27,387478
32,Oshi no Ko,#13,385585
33,That Time I Got Reincarnated as a Slime,#27,382352
34,Detective Conan,#105,370081
35,Blue Lock,#29,360485
36,The Apothecary Diaries,#14,359701
37,Jujutsu Kaisen,#24,359616
38,Kingdom,#70,342649
39,Frieren: Beyond Journey's End,#11,334167
40,Frieren: Beyond Journey's End,#10,334039
41,Chainsaw Man,#17,332977
42,Frieren: Beyond Journey's End,#7,329427
43,Frieren: Beyond Journey's End,#9,329199
44,Frieren: Beyond Journey's End,#8,327132
45,Frieren: Beyond Journey's End,#1,325878
46,Dungeon Meshi,#14,324109
47,Dungeon Meshi,#13,323627
48,Frieren: Beyond Journey's End,#6,307854
49,Blue Lock,#30,303860
50,One-Punch Man,#30,303859
51,Frieren: Beyond Journey's End,#2,302102
52,JoJo's Bizarre Adventure Part 9: The JoJoLands,#2,300655
53,Frieren: Beyond Journey's End,#5,299323
54,Frieren: Beyond Journey's End,#3,294242
55,Frieren: Beyond Journey's End,#4,291129
56,Kaiju No. 8,#14,289072
57,My Hero Academia,#39,282477
58,One-Punch Man,#31,274214
59,Detective Conan,#106,270784
60,My Dress-Up Darling,#13,269692
61,Chainsaw Man,#18,265201
62,The Apothecary Diaries,#12,260574
63,Family Restaurant Iko.,#1,257147
64,JoJo's Bizarre Adventure Part 9: The JoJoLands,#3,252402
65,Toilet-Bound Hanako-kun,#21,247437
66,My Happy Marriage,#5,245963
67,The Strange House,#2,241557
68,Spy x Family,#12,241135
69,Blue Lock,#31,239635
70,Hikaru ga Shinda Natsu,#4,239549
71,The Apothecary Diaries,#10,238830
72,Zatch Bell!! 2,#3,238293
73,Black Butler,#34,234875
74,The Apothecary Diaries,#9,233509
75,The Apothecary Diaries,#8,229690
76,Jujutsu Kaisen,#23,229343
77,The Apothecary Diaries,#11,226019
78,Kagurabachi,#1,224803
79,Chiikawa,#6,223260
80,The Apothecary Diaries,#7,222822
81,Record of Ragnarok,#20,220410
82,The Apothecary Diaries,#6,220375
83,Ao Ashi,#34,218723
84,The Apothecary Diaries,#4,218213
85,The Apothecary Diaries,#5,217939
86,Daemons of the Shadow Realm,#7,217740
87,Onna no Sono no Hoshi,#4,215629
88,Record of Ragnarok,#21,212745
89,Dr. Stone,#27,207822
90,Kaiju No. 8,#10,207525
91,Gokurakugai,#3,204298
92,Ao Ashi,#35,203805
93,The Strange House,#3,203169
94,Blue Box,#13,202622
95,Welcome to Demon School! Iruma-kun,#35,202176
96,Dragon Ball Super,#22,201945
97,Toilet-Bound Hanako-kun,#22,200991
98,JoJo's Bizarre Adventure Part 9: The JoJoLands,#4,198259
99,Natsume's Book of Friends,#31,197880
100,Yamada-kun to Lv999 no Koi wo Suru,#9,196950
101,One-Punch Man,#32,195451
102,Kagurabachi,#2,192965
103,Welcome to Demon School! Iruma-kun,#36,192519
104,Space Brothers,#44,192122
105,"Katainaka no Ossan, Kensei ni Naru",#5,191706
106,Ao Ashi,#36,190905
107,The Apothecary Diaries - Maomao's Notebook,#18,190469
108,Daemons of the Shadow Realm,#8,189781
109,Spring Storm and Monster,#4,189124
110,Blue Box,#14,188214
111,Jujutsu Kaisen,#22,184492
112,Hikaru ga Shinda Natsu,#5,183103
113,Zatch Bell!! 2,#4,182193
114,Black Lagoon,#13,181897
115,Yuru Camp,#16,180820
116,What Did You Eat Yesterday?,#23,180217
117,Campfire Cooking in Another World with My Absurd Skill,#10,178696
118,Dragon Ball Super,#23,177805
119,Blue Lock - Episode Nagi,#4,177471
120,Super no Ura de Yani Suu Futari,#4,177361
121,Record of Ragnarok,#22,176570
122,Welcome to Demon School! Iruma-kun,#37,175863
123,Kaiju No. 8,#9,175686
124,The Strange House,#1,174067
125,Honey Lemon Soda,#24,173854
126,"Katainaka no Ossan, Kensei ni Naru",#6,173749
127,Welcome to Demon School! Iruma-kun: IruMafia,#1,173139
128,Blue Box,#15,171948
129,Kagurabachi,#3,171291
130,Daemons of the Shadow Realm,#6,169521
131,Welcome to Demon School! Iruma-kun,#38,168769
132,Jujutsu Kaisen,#21,168021
133,Real,#16,167993
134,Blue Exorcist,#30,166484
135,Kaiju No. 8,#8,166087
136,Sakamoto Days,#16,165702
137,Kaiju No. 8: B-Side,#1,165173
138,Sakamoto Days,#15,161965
139,In the Clear Moonlit Dusk,#8,161494
140,Ruri Dragon,#2,161027
141,Kaiju No. 8,#7,158923
142,Ao Ashi,#37,158461
143,Wind Breaker,#15,156922
144,Spring Storm and Monster,#5,156388
145,The Apothecary Diaries,#13 Limited Edition,155475
146,Super no Ura de Yani Suu Futari,#5,154062
147,Blue Box,#16,153805
148,Kaiju No. 8,#6,153407
149,Oni no Hanayome,#5,153224
150,Kaiju No. 8,#1,153149
151,Firefly Wedding,#3,152744
152,Look Back,#1,152470
153,Arslan Senki,#20,152236
154,Kaiju No. 8,#5,151977
155,A Sign of Affection,#10,151731
156,Welcome to Demon School! Iruma-kun,#39,150658
157,Honey Lemon Soda,#25,150648
158,Kimetsu Gakuen!,#5,149788
159,Houkago Shounen Hanako-kun,#2,147733
160,Kagurabachi,#4,147513
161,Wind Breaker,#16,147403
162,Mix,#22,147222
163,Wind Breaker,#17,146946
164,Jujutsu Kaisen,#20,145279
165,Gokurakugai,#4,145148
166,Blue Box,#17,145033
167,Chiikawa,#6 Limited Edition,143850
168,Kaiju No. 8,#2,143630
169,Kaiju No. 8,#4,142636
170,Made in Abyss,#13,142154
171,Black Clover,#36,142120
172,The Apothecary Diaries,#1,140179
173,Kaiju No. 8,#3,140106
174,Boruto: Two Blue Vortex,#1,139758
175,Blue Period,#15,139680
176,Sakamoto Days,#17,139481
177,Arslan Senki,#21,137921
178,Makai no shuuyaku wa wareware da,#16,137906
179,Yona of the Dawn,#43,137507
180,Dandadan,#12,136487
181,Blue Lock,#26,136212
182,Gekkan Shoujo Nozaki-kun,#16,135388
183,Welcome to Demon School! Iruma-kun: IruMafia,#2,135103
184,Blue Exorcist,#31,134799
185,Blue Lock - Episode Nagi,#5,134730
186,Oni no Hanayome,#4,134600
187,Grand Blue,#22,133406
188,Dandadan,#13,132654
189,One Piece,#106,132457
190,Bungo Stray Dogs,#25,132296
191,Dungeon Meshi World Guide Perfect Edition,#1,128925
192,Skip Beat!,#50,127503
193,Firefly Wedding,#4,127371
194,Shangri-La Frontier,#16,126743
195,Jujutsu Kaisen,#19,126463
196,Dandadan,#14,125980
197,The Apothecary Diaries,#2,125905
198,Wind Breaker,#14,125785
199,MF Ghost,#19,125357
200,Wind Breaker,#18,125139
