Title,Score,Release_Date,Volumes,Genres,Authors,Era_Category
Berserk,9.46,1989-08-25,0,"['Action', 'Adventure', 'Award Winning', 'Drama', 'Fantasy', 'Gore', 'Horror', 'Military', 'Psychological', 'Seinen']","['Kentarou Miura', 'Studio Gaga']",Both Eras
JoJo no Kimyou na Bouken Part 7: Steel Ball Run,9.34,2004-01-19,24,"['Action', 'Adventure', 'Historical', 'Mystery', 'Seinen', 'Shounen', 'Supernatural']",['Hirohiko Araki'],Both Eras
Vagabond,9.27,1998-09-03,37,"['Action', 'Adventure', 'Award Winning', 'Historical', 'Samurai', 'Seinen']","['Takehiko Inoue', 'Eiji Yoshikawa']",Both Eras
One Piece,9.21,1997-07-22,0,"['Action', 'Adventure', 'Fantasy', 'Shounen']",['Eiichiro Oda'],Both Eras
Guimi Zhi Zhu,9.19,2020-05-01,18,"['Action', 'Fantasy', 'Isekai', 'Mystery', 'Suspense', 'Urban Fantasy']",['Ai Qianshui de Wuzei'],All-Time
Monster,9.16,1994-12-05,18,"['Adult Cast', 'Award Winning', 'Drama', 'Mystery', 'Psychological', 'Seinen']",['Naoki Urasawa'],Both Eras
Slam Dunk,9.09,1990-09-18,31,"['Award Winning', 'School', 'Shounen', 'Sports', 'Team Sports']",['Takehiko Inoue'],Both Eras
Vinland Saga,9.09,2005-04-13,29,"['Action', 'Adventure', 'Award Winning', 'Drama', 'Historical', 'Seinen']",['Makoto Yukimura'],Both Eras
The Greatest Estate Developer,9.09,2021-07-30,0,"['Adventure', 'Comedy', 'Fantasy', 'Isekai', 'Reincarnation']","['Back-kyung Moon', 'Hyunsoo Kim']",All-Time
Omniscient Reader's Viewpoint,9.05,2022-01-20,20,"['Action', 'Adventure', 'Fantasy', 'Urban Fantasy']","['sing N song', 'BlackBox']",Both Eras
Fullmetal Alchemist,9.04,2001-07-12,27,"['Action', 'Adventure', 'Award Winning', 'Drama', 'Fantasy', 'Military', 'Shounen']",['Hiromu Arakawa'],Both Eras
Grand Blue,9.04,2014-04-07,0,"['Adult Cast', 'Comedy', 'Gag Humor', 'Seinen']","['Kenji Inoue', 'Kimitake Yoshioka']",Both Eras
Kingdom,9.02,2006-01-26,0,"['Action', 'Award Winning', 'Historical', 'Military', 'Seinen']",['Yasuhisa Hara'],Both Eras
Tian Guan Cifu,9.02,2021-02-04,6,"['Action', 'Adventure', 'Boys Love', 'Fantasy', 'Historical', 'Mythology']",['Mo Xiang Tong Xiu'],Both Eras
Houseki no Kuni,9.0,2012-10-25,13,"['Action', 'Anthropomorphic', 'Drama', 'Fantasy', 'Seinen']",['Haruko Ichikawa'],Both Eras
Real,8.98,1999-10-28,0,"['Award Winning', 'Drama', 'Psychological', 'Seinen', 'Sports', 'Team Sports']",['Takehiko Inoue'],Both Eras
Oyasumi Punpun,8.97,2007-03-15,13,"['Drama', 'Psychological', 'Seinen', 'Slice of Life']",['Inio Asano'],Both Eras
Umineko no Naku Koro ni Chiru - Episode 8: Twilight of the Golden Witch,8.96,2012-01-21,9,"['Drama', 'Fantasy', 'Mystery', 'Shounen', 'Supernatural']","['Kei Natsumi', 'Ryukishi07']",Both Eras
Uma Musume Cinderella Gray,8.96,2020-06-11,23,"['Drama', 'Seinen', 'Slice of Life', 'Sports']",['Taiyou Kuzumi'],Both Eras
Ashita no Joe,8.95,1968-01-01,20,"['Combat Sports', 'Drama', 'Shounen', 'Slice of Life', 'Sports']","['Ikki Kajiwara', 'Tetsuya Chiba']",Both Eras
20th Century Boys,8.93,1999-09-27,22,"['Award Winning', 'Drama', 'Historical', 'Mystery', 'Psychological', 'Sci-Fi', 'Seinen']",['Naoki Urasawa'],Both Eras
Yotsuba to!,8.92,2003-03-21,0,"['Award Winning', 'Childcare', 'Comedy', 'Iyashikei', 'Slice of Life']",['Kiyohiko Azuma'],Both Eras
Monogatari Series: First Season,8.92,2006-11-01,6,"['Action', 'Comedy', 'Mystery', 'Romance', 'Supernatural', 'Vampire']","['ISIN NISIO', 'VOFAN']",All-Time
Monogatari Series: Second Season,8.92,2010-10-27,6,"['Comedy', 'Drama', 'Mystery', 'Supernatural', 'Vampire']","['ISIN NISIO', 'VOFAN']",All-Time
Mikkakan no Koufuku,8.9,2013-12-25,1,['Drama'],['Sugaru Miaki'],All-Time
Mo Dao Zu Shi,8.89,2016-12-08,4,"['Action', 'Adventure', 'Boys Love', 'Fantasy', 'Historical', 'Mystery', 'Mythology', 'Reincarnation']",['Mo Xiang Tong Xiu'],Both Eras
Kaguya-sama wa Kokurasetai: Tensai-tachi no Renai Zunousen,8.88,2015-05-19,28,"['Award Winning', 'Comedy', 'Romance', 'School', 'Seinen']",['Aka Akasaka'],Both Eras
Monogatari Series: Final Season,8.87,2012-09-28,6,"['Comedy', 'Mystery', 'Supernatural', 'Vampire']","['ISIN NISIO', 'VOFAN']",All-Time
Kusuriya no Hitorigoto,8.87,2014-08-29,0,"['Drama', 'Medical', 'Mystery']","['Natsu Hyuuga', 'Touko Shino']",Both Eras
Sousou no Frieren,8.87,2020-04-28,0,"['Adventure', 'Award Winning', 'Drama', 'Fantasy', 'Shounen']","['Kanehito Yamada', 'Tsukasa Abe']",Both Eras
GTO,8.86,1996-12-11,25,"['Action', 'Award Winning', 'Comedy', 'Delinquents', 'Drama', 'Ecchi', 'School', 'Shounen', 'Workplace']",['Tooru Fujisawa'],Both Eras
3-gatsu no Lion,8.86,2007-07-13,0,"['Award Winning', 'Drama', 'Seinen', 'Strategy Game']",['Chica Umino'],Both Eras
Haikyuu!!,8.86,2012-02-20,45,"['Award Winning', 'School', 'Shounen', 'Sports', 'Team Sports']",['Haruichi Furudate'],Both Eras
Koe no Katachi,8.86,2013-08-07,7,"['Award Winning', 'Drama', 'Shounen']",['Yoshitoki Ooima'],Both Eras
Re:Zero kara Hajimeru Isekai Seikatsu,8.86,2014-01-23,0,"['Drama', 'Fantasy', 'Isekai', 'Psychological', 'Suspense', 'Time Travel']","['Tappei Nagatsuki', 'Shinichirou Ootsuka']",All-Time
86,8.86,2017-02-10,0,"['Action', 'Drama', 'Military', 'Sci-Fi']","['Shirabi', 'Asato Asato']",All-Time
Kokou no Hito,8.84,2007-11-01,17,"['Award Winning', 'Drama', 'Psychological', 'Seinen', 'Sports']",['Shinichi Sakamoto'],Both Eras
On the Way to Meet Mom,8.83,2024-11-25,0,"['Adventure', 'Childcare', 'Fantasy']",['Gomyang'],All-Time
Akatsuki no Yona,8.83,2009-08-05,48,"['Adventure', 'Fantasy', 'Romance', 'Shoujo']",['Mizuho Kusanagi'],Both Eras
Honzuki no Gekokujou: Shisho ni Naru Tame ni wa Shudan wo Erandeiraremasen,8.83,2015-01-25,33,"['Fantasy', 'Isekai', 'Reincarnation']","['You Shiina', 'Miya Kazuki']",All-Time
Nana,8.82,2000-05-26,21,"['Adult Cast', 'Award Winning', 'Drama', 'Love Polygon', 'Music', 'Romance', 'Shoujo']",['Ai Yazawa'],Both Eras
Ookami to Koushinryou,8.82,2006-02-10,0,"['Adult Cast', 'Adventure', 'Drama', 'Fantasy', 'Historical', 'Romance', 'Supernatural']","['Isuna Hasekura', 'Juu Ayakura']",Both Eras
Mushoku Tensei: Isekai Ittara Honki Dasu,8.82,2014-01-23,26,"['Fantasy', 'Isekai', 'Reincarnation']","['Rifujin na Magonote', 'Sirotaka']",All-Time
Kaze no Tani no Nausicaä,8.81,1982-10-09,7,"['Action', 'Adventure', 'Award Winning', 'Fantasy']",['Hayao Miyazaki'],Both Eras
No Home,8.81,2018-12-31,0,"['School', 'Slice of Life']",['Wanan'],All-Time
Dungeon Meshi,8.8,2014-02-15,14,"['Adventure', 'Award Winning', 'Comedy', 'Fantasy', 'Gourmet', 'Seinen']",['Ryouko Kui'],Both Eras
Fata Morgana no Yakata: Anata no Genten ni Itaru Monogatari,8.79,2014-08-08,5,"['Drama', 'Horror', 'Mystery', 'Supernatural']","['Keika Hanada', 'Moyataro']",All-Time
Medalist,8.79,2020-05-25,0,"['Award Winning', 'Drama', 'Seinen', 'Sports']",['Tsurumaikada'],Both Eras
Veil,8.79,2019-11-15,0,"['Historical', 'Romance', 'Slice of Life']",['Ikumi Fukuda'],Both Eras
Kaoru Hana wa Rin to Saku,8.79,2021-10-21,0,"['Drama', 'Romance', 'School']",['Saka Mikami'],Both Eras
Hunter x Hunter,8.78,1998-03-03,0,"['Action', 'Adventure', 'Fantasy', 'Shounen']",['Yoshihiro Togashi'],Both Eras
"Jumyou wo Kaitotte Moratta. Ichinen ni Tsuki, Ichimanen de.",8.77,2016-08-10,3,"['Drama', 'Romance', 'Shounen', 'Supernatural']","['Shouichi Taguchi', 'Sugaru Miaki']",Both Eras
Uchuu Kyoudai,8.76,2007-12-06,0,"['Adult Cast', 'Award Winning', 'Drama', 'Sci-Fi', 'Seinen', 'Space', 'Workplace']",['Chuuya Koyama'],Both Eras
Kono Oto Tomare!,8.76,2012-08-04,0,"['Drama', 'Music', 'School', 'Shounen']",['Amyuu Sakura'],Both Eras
Youkoso Jitsuryoku Shijou Shugi no Kyoushitsu e,8.76,2015-05-25,14,"['Drama', 'Psychological', 'School']","['Shunsaku Tomose', 'Shougo Kinugasa']",All-Time
Hajime no Ippo,8.75,1989-09-27,0,"['Award Winning', 'Combat Sports', 'Shounen', 'Sports']",['George Morikawa'],Both Eras
Yahari Ore no Seishun Love Comedy wa Machigatteiru.,8.74,2011-03-18,18,"['Comedy', 'Love Polygon', 'Romance', 'School']","['Wataru Watari', 'Ponkan⑧']",All-Time
Shoujo Shuumatsu Ryokou,8.74,2014-02-21,6,"['Adventure', 'Award Winning', 'Iyashikei', 'Slice of Life']",['Tsukumizu'],Both Eras
Tongari Boushi no Atelier,8.73,2016-07-22,0,"['Fantasy', 'Seinen']",['Kamome Shirahama'],Both Eras
Kimi to Tsuzuru Utakata,8.73,2020-05-18,6,"['Girls Love', 'School']",['Yuama'],Both Eras
Youkoso Jitsuryoku Shijou Shugi no Kyoushitsu e: 2-nensei-hen,8.72,2020-01-24,15,"['Drama', 'Psychological', 'School']","['Shunsaku Tomose', 'Shougo Kinugasa']",All-Time
Mushishi,8.71,1999-10-08,10,"['Adult Cast', 'Award Winning', 'Fantasy', 'Historical', 'Iyashikei', 'Mystery', 'Seinen', 'Supernatural']",['Yuki Urushibara'],Both Eras
Zaregoto Series,8.71,2002-02-05,0,"['Action', 'Drama', 'Mystery', 'Supernatural']","['ISIN NISIO', 'Take']",All-Time
Mahoutsukai no Yoru,8.71,2012-04-12,1,"['Mystery', 'Supernatural']",['Kinoko Nasu'],All-Time
Made in Abyss,8.71,2012-10-20,0,"['Adventure', 'Drama', 'Fantasy', 'Sci-Fi']",['Akihito Tsukushi'],Both Eras
Beck,8.7,2000-02-17,34,"['Award Winning', 'Drama', 'Music', 'Romance', 'Shounen']",['Harold Sakuishi'],Both Eras
Usogui,8.7,2006-05-11,49,"['Action', 'High Stakes Game', 'Psychological', 'Seinen', 'Strategy Game']",['Toshio Sako'],Both Eras
Natsume Yuujinchou,8.69,2003-06-10,0,"['Drama', 'Iyashikei', 'Shoujo', 'Supernatural']",['Yuki Midorikawa'],Both Eras
Umineko no Naku Koro ni Chiru - Episode 7: Requiem of the Golden Witch,8.69,2011-04-13,9,"['Drama', 'Mystery', 'Psychological', 'Shounen', 'Supernatural', 'Suspense']","['Eita Mizuno', 'Ryukishi07']",Both Eras
One Punch-Man,8.69,2012-06-14,0,"['Action', 'Adult Cast', 'Comedy', 'Parody', 'Seinen', 'Super Power']","['Yusuke Murata', 'ONE']",Both Eras
Utsuro no Hako to Zero no Maria,8.69,2009-01-10,7,"['Action', 'Drama', 'Horror', 'Mystery', 'Psychological', 'Romance', 'School', 'Supernatural', 'Suspense']","['Eiji Mikage', 'Tetsuo']",All-Time
Monogatari Series: Monster Season,8.69,2017-07-20,6,"['Comedy', 'Mystery', 'Supernatural', 'Vampire']","['ISIN NISIO', 'VOFAN']",All-Time
Ikoku Nikki,8.69,2017-06-08,11,"['Drama', 'Josei']",['Tomoko Yamashita'],Both Eras
My Bias Gets on the Last Train,8.69,2024-12-14,0,['Romance'],['Jixksee'],All-Time
Kimi no Suizou wo Tabetai,8.68,2015-06-17,1,"['Drama', 'Romance']",['Yoru Sumino'],Both Eras
The Horizon,8.68,2016-03-30,3,"['Adventure', 'Drama', 'Psychological']",['Ji-Hoon Jeong'],All-Time
Death Note,8.68,2003-12-01,12,"['Psychological', 'Shounen', 'Supernatural', 'Suspense']","['Takeshi Obata', 'Tsugumi Ohba']",Both Eras
Dorohedoro,8.68,2000-11-30,23,"['Action', 'Comedy', 'Fantasy', 'Gore', 'Horror', 'Seinen']",['Q Hayashida'],Both Eras
Ao Ashi,8.68,2015-01-05,40,"['Award Winning', 'Eligible Titles for You Should Read This', 'Seinen', 'Sports', 'Team Sports']","['Yuugo Kobayashi', 'Naohiko Ueno']",Both Eras
Koten-bu Series,8.66,2001-10-31,0,"['Adventure', 'Mystery', 'School']",['Honobu Yonezawa'],All-Time
Violet Evergarden,8.66,2015-12-25,2,"['Drama', 'Fantasy']","['Kana Akatsuki', 'Akiko Takase']",All-Time
Bungou Stray Dogs: Beast,8.66,2019-12-26,4,"['Action', 'Detective', 'Mystery', 'Shounen', 'Supernatural']","['Kafka Asagiri', 'Shiwasu Hoshikawa']",Both Eras
Yokohama Kaidashi Kikou,8.65,1994-04-25,14,"['Award Winning', 'Iyashikei', 'Sci-Fi', 'Seinen', 'Slice of Life']",['Hitoshi Ashinano'],Both Eras
Akira,8.65,1982-12-06,6,"['Action', 'Award Winning', 'Gore', 'Sci-Fi', 'Seinen']",['Katsuhiro Otomo'],Both Eras
Shinyaku Toaru Majutsu no Index,8.65,2011-03-10,23,"['Action', 'Comedy', 'Fantasy', 'Sci-Fi', 'Super Power', 'Supernatural']","['Kazuma Kamachi', 'Kiyotaka Haimura']",All-Time
Seishun Buta Yarou Series,8.65,2014-04-10,15,"['Drama', 'Romance', 'School', 'Supernatural']","['Hajime Kamoshida', 'Keiji Mizoguchi']",All-Time
Golden Kamuy,8.65,2014-08-21,31,"['Action', 'Adventure', 'Award Winning', 'Historical', 'Seinen']",['Satoru Noda'],Both Eras
Yagate Kimi ni Naru,8.65,2015-04-27,8,"['Drama', 'Girls Love', 'School']",['Nio Nakatani'],Both Eras
Gintama,8.64,2003-12-08,77,"['Action', 'Comedy', 'Gag Humor', 'Historical', 'Parody', 'Samurai', 'Sci-Fi', 'Shounen']",['Hideaki Sorachi'],Both Eras
Aria,8.64,2002-02-28,12,"['Iyashikei', 'Sci-Fi', 'Shounen', 'Slice of Life']",['Kozue Amano'],Both Eras
Kozure Ookami,8.64,1970-09,28,"['Action', 'Historical', 'Samurai', 'Seinen']","['Kazuo Koike', 'Goseki Kojima']",Both Eras
Kino no Tabi: The Beautiful World,8.63,2000-03-10,0,"['Adventure', 'Drama', 'Fantasy']","['Keiichi Sigsawa', 'Kouhaku Kuroboshi']",All-Time
Ginga Eiyuu Densetsu,8.63,1982-11,10,"['Action', 'Adult Cast', 'Adventure', 'Drama', 'Military', 'Sci-Fi', 'Space']","['Yoshiki Tanaka', 'Naoyuki Katou', 'Yukihisa Kamoshita']",All-Time
ReLIFE,8.63,2013-10-12,15,"['Comedy', 'Drama', 'Romance', 'School', 'Slice of Life']",['Sou Yayoi'],Both Eras
Chainsaw Man,8.63,2018-12-03,24,"['Action', 'Award Winning', 'Fantasy', 'Gore', 'Shounen', 'Urban Fantasy']",['Tatsuki Fujimoto'],Both Eras
Sayonara Eri,8.63,2022-04-11,1,"['Drama', 'Shounen']",['Tatsuki Fujimoto'],Both Eras
Pluto,8.62,2003-09-09,8,"['Action', 'Award Winning', 'Detective', 'Mystery', 'Psychological', 'Sci-Fi', 'Seinen', 'Suspense']","['Naoki Urasawa', 'Osamu Tezuka']",Both Eras
Mob Psycho 100,8.62,2012-04-18,16,"['Action', 'Award Winning', 'Comedy', 'Super Power', 'Supernatural']",['ONE'],Both Eras
Banana Fish,8.61,1985-04-13,19,"['Action', 'Adventure', 'Delinquents', 'Drama', 'Organized Crime', 'Psychological', 'Shoujo', 'Suspense']",['Akimi Yoshida'],Both Eras
Kono Subarashii Sekai ni Shukufuku wo!,8.61,2013-10-01,17,"['Adventure', 'Comedy', 'Fantasy', 'Isekai', 'Parody']","['Kurone Mishima', 'Natsume Akatsuki']",All-Time
Tobaku Datenroku Kaiji: One Poker-hen,8.61,2013-06-03,16,"['Adult Cast', 'Drama', 'High Stakes Game', 'Psychological', 'Seinen', 'Strategy Game']",['Nobuyuki Fukumoto'],Both Eras
Overlord,8.61,2012-07-30,0,"['Action', 'Fantasy', 'Isekai']","['Kugane Maruyama', 'so-bin']",All-Time
Blue Period,8.61,2017-06-24,0,"['Award Winning', 'Drama', 'Eligible Titles for You Should Read This', 'School', 'Seinen', 'Visual Arts']",['Tsubasa Yamaguchi'],Both Eras
Seasons of Blossom,8.61,2020-06-24,12,"['Love Polygon', 'Romance']","['Hongduck', 'NEMONE']",All-Time
Skip to Loafer,8.6,2018-08-25,0,"['Award Winning', 'Drama', 'Eligible Titles for You Should Read This', 'School', 'Seinen']",['Misaki Takamatsu'],Both Eras
Kimi ni Okuru Eien,8.6,2024-02-17,1,['Girls Love'],['Yuama'],Both Eras
"Umarekawattemo Mata, Watashi to Kekkon shitekuremasu ka",8.59,2017-10-20,4,['Romance'],['Miku Morinaga'],Both Eras
The Legend of the Northern Blade,8.59,2019-12-31,0,"['Action', 'Adventure', 'Fantasy', 'Martial Arts']","['Woogack', 'Min Hae']",All-Time
Shinseiki Evangelion,8.59,1994-12-26,14,"['Action', 'Drama', 'Mecha', 'Mystery', 'Psychological', 'Sci-Fi', 'Seinen', 'Shounen', 'Suspense']",['Yoshiyuki Sadamoto'],Both Eras
Hi no Tori,8.59,1966-12-20,16,"['Drama', 'Fantasy', 'Historical', 'Psychological', 'Romance', 'Sci-Fi', 'Shounen', 'Space', 'Supernatural']",['Osamu Tezuka'],Both Eras
Billy Bat,8.59,2008-10-16,20,"['Detective', 'Drama', 'Historical', 'Mystery', 'Psychological', 'Seinen', 'Supernatural']","['Naoki Urasawa', 'Takashi Nagasaki']",Both Eras
Chihayafuru,8.59,2007-12-28,50,"['Award Winning', 'Drama', 'Josei', 'Love Polygon', 'Romance', 'Strategy Game']",['Yuki Suetsugu'],Both Eras
Shigatsu wa Kimi no Uso,8.59,2011-04-06,11,"['Award Winning', 'Drama', 'Music', 'Romance', 'School', 'Shounen']",['Naoshi Arakawa'],Both Eras
Diamond no Ace Act II,8.58,2015-08-19,34,"['School', 'Shounen', 'Sports', 'Team Sports']",['Yuuji Terajima'],Both Eras
Kara no Kyoukai: The Garden of Sinners,8.57,1998-10,2,"['Action', 'Fantasy', 'Mystery', 'Psychological', 'Urban Fantasy']","['Type-Moon', 'Kinoko Nasu', 'Takashi Takeuchi']",All-Time
JoJo no Kimyou na Bouken Part 4: Diamond wa Kudakenai,8.57,1992-04-21,18,"['Action', 'Shounen', 'Supernatural']",['Hirohiko Araki'],Both Eras
Otoyomegatari,8.57,2008-10-14,0,"['Award Winning', 'Historical', 'Romance', 'Seinen']",['Kaoru Mori'],Both Eras
Wind Breaker,8.57,2013-12-15,0,"['Drama', 'Sports']",['Yongseok Jo'],All-Time
19 Tian,8.57,2018-10-19,0,"['Boys Love', 'Comedy']",['Old Xian'],All-Time
Hirayasumi,8.57,2021-04-26,0,"['Eligible Titles for You Should Read This', 'Seinen', 'Slice of Life']",['Keigo Shinzou'],Both Eras
Solo Leveling,8.56,2018-03-04,0,"['Action', 'Adult Cast', 'Adventure', 'Fantasy', 'Urban Fantasy']","['Chugong', 'Sung-rak Jang', 'Disciples']",All-Time
Nan Hao Shang Feng,8.56,2021-04-30,0,"['Comedy', 'School']",['Brownie'],All-Time
Pandora Hearts,8.56,2006-05-18,24,"['Adventure', 'Fantasy', 'Mystery', 'Shounen']",['Jun Mochizuki'],Both Eras
Shingeki no Kyojin,8.56,2009-09-09,34,"['Action', 'Award Winning', 'Drama', 'Gore', 'Military', 'Shounen', 'Survival', 'Suspense']",['Hajime Isayama'],Both Eras
Umineko no Naku Koro ni,8.56,2009-07-01,8,"['Fantasy', 'Horror', 'Mystery', 'Psychological', 'Supernatural', 'Suspense']","['Ryukishi07', 'Tomohi']",All-Time
The Fable,8.56,2014-11-01,22,"['Adult Cast', 'Award Winning', 'Comedy', 'Organized Crime', 'Seinen', 'Suspense']",['Katsuhisa Minami'],Both Eras
Skip Beat!,8.55,2002-02-15,0,"['Comedy', 'Drama', 'Love Polygon', 'Romance', 'Shoujo', 'Showbiz']",['Yoshiki Nakamura'],Both Eras
Ping Pong,8.55,1996,5,"['Drama', 'Seinen', 'Sports']",['Taiyou Matsumoto'],Both Eras
Kamisama Hajimemashita,8.55,2008-02-20,25,"['Comedy', 'Mythology', 'Romance', 'Shoujo', 'Supernatural']",['Julietta Suzuki'],Both Eras
Tokyo Ghoul,8.55,2011-09-08,14,"['Action', 'Fantasy', 'Gore', 'Horror', 'Psychological', 'Seinen', 'Urban Fantasy']",['Sui Ishida'],Both Eras
Monogatari Series: Off Season,8.55,2015-10-05,4,"['Comedy', 'Drama', 'Mystery', 'Supernatural', 'Vampire']","['ISIN NISIO', 'VOFAN']",All-Time
Jibaku Shounen Hanako-kun,8.55,2014-12-18,0,"['Eligible Titles for You Should Read This', 'School', 'Shounen', 'Supernatural']",['Iro Aida'],Both Eras
Kidou Senshi Gundam: The Origin,8.54,2001-06-25,24,"['Action', 'Award Winning', 'Drama', 'Mecha', 'Military', 'Sci-Fi', 'Shounen', 'Space']","['Yoshikazu Yasuhiko', 'Yoshiyuki Tomino']",Both Eras
Baccano!,8.54,2003-02-10,22,"['Action', 'Fantasy', 'Mystery', 'Organized Crime']","['Ryohgo Narita', 'Katsumi Enami']",All-Time
Suzumiya Haruhi Series,8.54,2003-06-06,0,"['Comedy', 'Drama', 'School', 'Sci-Fi', 'Supernatural']","['Nagaru Tanigawa', 'Noizi Itou']",All-Time
One Outs,8.54,1998-11-14,20,"['Adult Cast', 'Psychological', 'Seinen', 'Sports', 'Team Sports']",['Shinobu Kaitani'],Both Eras
Umineko no Naku Koro ni Chiru - Episode 5: End of the Golden Witch,8.54,2010-10-22,6,"['Drama', 'Fantasy', 'Horror', 'Mystery', 'Psychological', 'Shounen', 'Supernatural', 'Suspense']","['Ryukishi07', 'Akitaka']",Both Eras
Steins;Gate,8.54,2011-06-30,5,"['Sci-Fi', 'Suspense']","['Kyuuta Sakai', 'Kiyomune Miwa']",All-Time
Umineko no Naku Koro ni Chiru,8.54,2012-07-13,7,"['Fantasy', 'Horror', 'Mystery', 'Psychological', 'Supernatural', 'Suspense']","['Ryukishi07', 'Tomohi']",All-Time
Shuumatsu Nani Shitemasu ka? Isogashii desu ka? Sukutte Moratte Ii desu ka?,8.54,2014-11-01,5,"['Drama', 'Fantasy', 'Romance', 'Sci-Fi']","['Akira Kareno', 'ue']",All-Time
Shimeji Simulation,8.54,2019-01-26,5,"['School', 'Slice of Life']",['Tsukumizu'],Both Eras
Webtoon Character Na Kang Lim,8.54,2021-05-04,0,"['Comedy', 'Harem', 'Romance', 'School', 'Supernatural', 'Time Travel']","['Kyeongmin Lee', 'Junhyeok Song']",All-Time
The Knight Only Lives Today,8.54,2024-05-17,0,"['Action', 'Fantasy', 'Time Travel']","['Soulpung', 'Ian']",All-Time
Rurouni Kenshin: Meiji Kenkaku Romantan,8.53,1994-04-12,28,"['Action', 'Drama', 'Historical', 'Samurai', 'Shounen']",['Nobuhiro Watsuki'],Both Eras
Fruits Basket,8.53,1998-07-18,23,"['Award Winning', 'Drama', 'Love Polygon', 'Romance', 'School', 'Shoujo', 'Supernatural']",['Natsuki Takaya'],Both Eras
Sasaki to Miyano,8.53,2016-02-26,0,"['Boys Love', 'Eligible Titles for You Should Read This', 'Otaku Culture', 'School']",['Shou Harusono'],Both Eras
Blue Giant,8.52,2013-05-10,10,"['Award Winning', 'Music', 'Seinen']",['Shinichi Ishizuka'],Both Eras
Amayo no Tsuki,8.52,2021-06-12,0,"['Drama', 'Eligible Titles for You Should Read This', 'Girls Love', 'School']",['Kuzushiro'],Both Eras
Eleceed,8.52,2018-10-02,0,"['Action', 'Super Power']","['Hye-Jin Kim', 'Jae-Ho Son']",All-Time
After School Lessons for Unripe Apples,8.52,2020-12-23,0,"['Romance', 'School']",['Soonkki'],All-Time
Youkoso Jitsuryoku Shijou Shugi no Kyoushitsu e: 3-nensei-hen,8.52,2025-03-24,0,"['Drama', 'Psychological', 'School']","['Shunsaku Tomose', 'Shougo Kinugasa']",All-Time
Yagate Kimi ni Naru: Saeki Sayaka ni Tsuite,8.51,2018-11-10,3,"['Drama', 'Girls Love', 'School']","['Hitoma Iruma', 'Nio Nakatani']",All-Time
Mushoku Tensei: Dasoku-hen,8.51,2023-06-23,0,"['Fantasy', 'Isekai', 'Reincarnation', 'Slice of Life']","['Rifujin na Magonote', 'Sirotaka']",All-Time
Fate/Zero,8.51,2006-12-29,4,"['Action', 'Fantasy', 'Urban Fantasy']","['Takashi Takeuchi', 'Gen Urobuchi']",All-Time
Ouran Koukou Host Club,8.5,2002-07-24,18,"['Comedy', 'Crossdressing', 'Drama', 'Reverse Harem', 'Romance', 'School', 'Shoujo']",['Bisco Hatori'],Both Eras
Umineko no Naku Koro ni Chiru - Episode 6: Dawn of the Golden Witch,8.5,2010-11-18,6,"['Drama', 'Horror', 'Mystery', 'Shounen', 'Supernatural']","['Ryukishi07', 'Hinase Momoyama']",Both Eras
Sakamichi no Apollon,8.5,2007-09-28,9,"['Award Winning', 'Drama', 'Josei', 'Love Polygon', 'Music', 'Romance', 'School']",['Yuki Kodama'],Both Eras
The Boxer,8.5,2019-12-04,13,"['Combat Sports', 'Drama', 'Sports']",['Ji-Hoon Jeong'],All-Time
Bakemonogatari,8.49,2018-03-14,22,"['Action', 'Comedy', 'Drama', 'Mystery', 'Romance', 'Shounen', 'Supernatural', 'Vampire']","['Oh! Great', 'ISIN NISIO']",Both Eras
Otonari no Tenshi-sama ni Itsunomanika Dame Ningen ni Sareteita Ken,8.49,2019-06-14,0,"['Comedy', 'Romance']","['Hazano Kazutake', 'Hanekoto', 'Saeki-san']",All-Time
Villains Are Destined to Die,8.49,2020-05-01,0,"['Drama', 'Fantasy', 'Reverse Harem', 'Romance', 'Villainess']","['Gyeoeul Gwon', 'SUOL']",All-Time
Mayonaka Heart Tune,8.49,2023-09-20,0,"['Comedy', 'Eligible Titles for You Should Read This', 'Harem', 'Romance', 'School', 'Shounen']",['Masakuni Igarashi'],Both Eras
Watashitachi no Shiawase na Jikan,8.49,2008-03-28,1,"['Drama', 'Music', 'Psychological', 'Romance', 'Seinen']",['Sumomo Yumeka'],Both Eras
Sotsugyousei,8.49,2008-01-25,2,"['Boys Love', 'Drama']",['Asumiko Nakamura'],Both Eras
JoJo no Kimyou na Bouken Part 8: JoJolion,8.49,2011-05-19,27,"['Action', 'Adventure', 'Award Winning', 'Mystery', 'Seinen', 'Supernatural']",['Hirohiko Araki'],Both Eras
Given,8.49,2013-04-30,9,"['Boys Love', 'Drama', 'Music', 'School']",['Natsuki Kizu'],Both Eras
Kyou kara Ore wa!!,8.48,1988,38,"['Action', 'Comedy', 'Delinquents', 'School', 'Shounen']",['Hiroyuki Nishimori'],Both Eras
Spirit Circle,8.48,2012-05-30,6,"['Action', 'Adventure', 'Comedy', 'Drama', 'Reincarnation', 'Romance', 'Seinen', 'Supernatural']",['Satoshi Mizukami'],Both Eras
Kakukaku Shikajika,8.48,2011-11-28,5,"['Award Winning', 'Josei', 'Memoir', 'Otaku Culture', 'Slice of Life', 'Visual Arts']",['Akiko Higashimura'],Both Eras
"Ohayou, Ibarahime",8.48,2014-11-22,6,"['Romance', 'Shoujo', 'Supernatural']",['Megumi Morino'],Both Eras
Spirit Fingers,8.48,2015-05-16,13,"['Comedy', 'Romance', 'Slice of Life']",['Kyoung-chal Han'],All-Time
Yubisaki to Renren,8.48,2019-07-24,0,"['Adult Cast', 'Eligible Titles for You Should Read This', 'Romance', 'Shoujo']",['Suu Morishita'],Both Eras
Return of the Blossoming Blade,8.48,2021-03-23,0,"['Action', 'Adventure', 'Fantasy', 'Martial Arts', 'Reincarnation']","['LICO', 'Biga']",All-Time
Xiao Mogu,8.48,2023-08-17,0,"['Boys Love', 'Psychological', 'Sci-Fi']","['Yishisi Zhou', 'Maomao Tou']",All-Time
Toshokan no Daimajutsushi,8.47,2017-11-07,0,"['Eligible Titles for You Should Read This', 'Fantasy', 'Seinen']",['Mitsu Izumi'],Both Eras
Kage no Jitsuryokusha ni Naritakute!,8.47,2018-11-05,0,"['Action', 'Comedy', 'Fantasy', 'Isekai', 'Reincarnation']","['Touzai', 'Daisuke Aizawa']",All-Time
Here U Are,8.47,2017-11-22,0,"['Boys Love', 'Drama', 'School', 'Slice of Life']",['D Jun'],All-Time
Souyaku Toaru Majutsu no Index,8.47,2020-02-07,0,"['Action', 'Comedy', 'Fantasy', 'Sci-Fi', 'Super Power', 'Supernatural']","['Kazuma Kamachi', 'Kiyotaka Haimura']",All-Time
Haruka Tooki Ie,8.47,2020-09-19,1,"['Boys Love', 'Drama']",['Teki Yatsuda'],Both Eras
"Natsu e no Tunnel, Sayonara no Deguchi",8.47,2019-07-18,1,"['Drama', 'Mystery', 'Romance', 'Supernatural']","['Mei Hachimoku', 'Kukka']",All-Time
Lost in the Cloud,8.47,2020-11-20,0,"['Boys Love', 'Psychological', 'School']",['Pas Kim'],All-Time
Cross Game,8.47,2005-09-02,17,"['Award Winning', 'Comedy', 'Drama', 'Romance', 'School', 'Shounen', 'Sports', 'Team Sports']",['Mitsuru Adachi'],Both Eras
Glass no Kamen,8.47,1976-01,49,"['Drama', 'Performing Arts', 'Romance', 'Shoujo', 'Showbiz']",['Suzue Miuchi'],Both Eras
Rainbow: Nisha Rokubou no Shichinin,8.47,2002-11-21,22,"['Award Winning', 'Delinquents', 'Drama', 'Historical', 'Psychological', 'Seinen']","['George Abe', 'Masasumi Kakizaki']",Both Eras
Hinamatsuri,8.47,2010-06-15,19,"['Childcare', 'Comedy', 'Organized Crime', 'Seinen', 'Supernatural']",['Masao Ohtake'],Both Eras
Chikan Otoko,8.47,2004,0,"['Comedy', 'Drama', 'Romance', 'Slice of Life']",['Takuma Yokota'],Both Eras
Bungou Stray Dogs,8.47,2012-12-04,0,"['Action', 'Detective', 'Eligible Titles for You Should Read This', 'Mystery', 'Seinen', 'Supernatural']","['Kafka Asagiri', 'Harukawa35']",Both Eras
Tensei shitara Slime Datta Ken,8.47,2014-05-30,23,"['Fantasy', 'Isekai', 'Reincarnation']","['Mitz Vah', 'Fuse']",Both Eras
Berserk: Shinen no Kami 2,8.47,1996-07-12,0,['Seinen'],['Kentarou Miura'],All-Time
Vanitas no Karte,8.47,2015-12-22,0,"['Eligible Titles for You Should Read This', 'Fantasy', 'Historical', 'Shounen', 'Urban Fantasy', 'Vampire']",['Jun Mochizuki'],Both Eras
Eyeshield 21,8.46,2002-07-23,37,"['Shounen', 'Sports', 'Team Sports']","['Riichiro Inagaki', 'Yusuke Murata']",Both Eras
Tobaku Mokushiroku Kaiji,8.46,1996-02-10,13,"['Adult Cast', 'Award Winning', 'Drama', 'High Stakes Game', 'Seinen', 'Strategy Game']",['Nobuyuki Fukumoto'],Both Eras
Kami nomi zo Shiru Sekai,8.46,2008-04-09,26,"['Comedy', 'Fantasy', 'Harem', 'Otaku Culture', 'Romance', 'School', 'Shounen', 'Supernatural']",['Tamiki Wakaki'],Both Eras
Shiori Experience: Jimi na Watashi to Hen na Ojisan,8.46,2013-10-25,0,"['Comedy', 'Music', 'School', 'Seinen', 'Supernatural']","['Yu-Ko Osada', 'Kazuya Machida']",Recent/Serialized
Shimanami Tasogare,8.46,2015-03-06,4,"['Drama', 'Psychological', 'Seinen', 'Slice of Life']",['Yuuki Kamatani'],Recent/Serialized
Yuukoku no Moriarty,8.46,2016-08-04,0,"['Adult Cast', 'Eligible Titles for You Should Read This', 'Historical', 'Mystery', 'Psychological', 'Shounen', 'Suspense']","['Ryousuke Takeuchi', 'Hikaru Miyoshi']",Recent/Serialized
blanc,8.46,2018-02-28,2,"['Boys Love', 'Drama', 'Slice of Life']",['Asumiko Nakamura'],Recent/Serialized
Spy x Family,8.46,2019-03-25,0,"['Action', 'Childcare', 'Comedy', 'Shounen']",['Tatsuya Endou'],Recent/Serialized
Hirano to Kagiura,8.45,2019-03-15,0,"['Boys Love', 'Josei', 'School', 'Slice of Life']",['Shou Harusono'],Recent/Serialized
Dragon Ball,8.45,1984-11-20,42,"['Action', 'Adventure', 'Fantasy', 'Martial Arts', 'Shounen']",['Akira Toriyama'],Recent/Serialized
Doraemon,8.45,1969-12,45,"['Adventure', 'Anthropomorphic', 'Award Winning', 'Comedy', 'Kids', 'School', 'Sci-Fi', 'Shounen', 'Slice of Life']",['Fujio F. Fujiko'],Recent/Serialized
Holyland,8.44,2000-10-13,18,"['Action', 'Delinquents', 'Martial Arts', 'Psychological', 'Seinen']",['Kouji Mori'],Recent/Serialized
Barakamon,8.44,2008-02-22,20,"['Childcare', 'Comedy', 'Iyashikei', 'Shounen', 'Slice of Life', 'Visual Arts']",['Satsuki Yoshino'],Recent/Serialized
Look Back,8.44,2021-07-19,1,"['Drama', 'Shounen']",['Tatsuki Fujimoto'],Recent/Serialized
Sensou Kyoushitsu,8.44,2022-06-03,0,"['Action', 'Eligible Titles for You Should Read This', 'Fantasy', 'Military', 'Shounen']","['Higoro Toumori', 'Mozuku Sora']",Recent/Serialized
Love Bullet,8.43,2023-10-05,0,"['Action', 'Drama', 'Eligible Titles for You Should Read This', 'Girls Love', 'Reincarnation', 'Seinen', 'Supernatural']",['inee'],Recent/Serialized
21st Century Boys,8.43,2006-12-25,2,"['Award Winning', 'Drama', 'Mystery', 'Psychological', 'Sci-Fi', 'Seinen']",['Naoki Urasawa'],Recent/Serialized
Basara,8.43,1990-08-11,27,"['Adventure', 'Award Winning', 'Drama', 'Fantasy', 'Romance', 'Shoujo']",['Yumi Tamura'],Recent/Serialized
Tobaku Hakairoku Kaiji,8.43,2000-11,13,"['Adult Cast', 'Drama', 'High Stakes Game', 'Strategy Game']",['Nobuyuki Fukumoto'],Recent/Serialized
Gekkan Shoujo Nozaki-kun,8.43,2011-08-25,0,"['Comedy', 'Otaku Culture', 'Romance', 'School']",['Izumi Tsubaki'],Recent/Serialized
Mugen no Juunin,8.42,1993-06-25,30,"['Action', 'Adventure', 'Drama', 'Historical', 'Martial Arts', 'Samurai', 'Seinen', 'Supernatural']",['Hiroaki Samura'],Recent/Serialized
Innocent Rouge,8.42,2015-05-20,12,"['Award Winning', 'Drama', 'Historical', 'Seinen']",['Shinichi Sakamoto'],Recent/Serialized
Blue Lock,8.42,2018-08-01,0,"['Award Winning', 'Shounen', 'Sports', 'Team Sports']","['Muneyuki Kaneshiro', 'Yuusuke Nomura']",Recent/Serialized
Houkago Kitaku Biyori,8.42,2023-08-01,0,"['Love Status Quo', 'Romance', 'School', 'Seinen']",['Mai Matsuda'],Recent/Serialized
Hikaru ga Shinda Natsu,8.41,2021-08-31,0,"['Horror', 'Mystery', 'Supernatural']",['Mokumokuren'],Recent/Serialized
Nodame Cantabile,8.41,2001-07-10,25,"['Adult Cast', 'Award Winning', 'Comedy', 'Josei', 'Music', 'Romance', 'Slice of Life']",['Tomoko Ninomiya'],Recent/Serialized
Kuroshitsuji,8.41,2006-09-16,0,"['Action', 'Fantasy', 'Historical', 'Mystery', 'Mythology', 'Shounen', 'Supernatural']",['Yana Toboso'],Recent/Serialized
Horimiya,8.41,2011-10-18,17,"['Romance', 'School', 'Shounen']","['Daisuke Hagiwara', 'HERO']",Recent/Serialized
My Girl,8.4,2006-06-02,5,"['Childcare', 'Drama', 'Seinen', 'Slice of Life']",['Sumomo Yumeka'],Recent/Serialized
Onanie Master Kurosawa,8.4,2007-09,4,"['Drama', 'Psychological', 'School']","['Takuma Yokota', 'Katsura Ise']",Recent/Serialized
Yuru Camp△,8.4,2015-05-23,0,"['CGDCT', 'Eligible Titles for You Should Read This', 'Iyashikei', 'Slice of Life']",['Afro'],Recent/Serialized
Kimi no Na wa.,8.4,2016-05-27,3,"['Drama', 'Seinen']","['Makoto Shinkai', 'Ranmaru Kotone']",Recent/Serialized
Kimi wa Houkago Insomnia,8.4,2019-05-20,14,"['Romance', 'School', 'Seinen']",['Makoto Ojiro'],Recent/Serialized
Dandadan,8.4,2021-04-06,0,"['Action', 'Comedy', 'Shounen', 'Supernatural']",['Yukinobu Tatsu'],Recent/Serialized
Kimi no Yoru ni Fureru,8.4,2021-08-20,1,"['Boys Love', 'Drama']",['Moyori Mori'],Recent/Serialized
"Bungou Stray Dogs: Dazai, Chuuya, Juugosai",8.4,2022-09-26,4,"['Action', 'Shounen', 'Supernatural']","['Kafka Asagiri', 'Shiwasu Hoshikawa']",Recent/Serialized
Akuyaku Reijou no Naka no Hito: Danzai sareta Tenseisha no Tame Usotsuki Heroine ni Fukushuu Itashimasu,8.39,2021-11-19,6,"['Eligible Titles for You Should Read This', 'Fantasy', 'Villainess']","['Nazuna Shiraume', 'Makiburo']",Recent/Serialized
Kininatteru Hito ga Otoko ja Nakatta,8.39,2023-04-19,0,"['Eligible Titles for You Should Read This', 'Girls Love', 'Music']",['Sumiko Arai'],Recent/Serialized
Versailles no Bara,8.39,1972-05-06,10,"['Drama', 'Historical', 'Military', 'Romance', 'Shoujo']",['Riyoko Ikeda'],Recent/Serialized
SKET Dance,8.39,2007-07-14,32,"['Award Winning', 'Comedy', 'Drama', 'School', 'Shounen']",['Kenta Shinohara'],Recent/Serialized
Nichijou,8.39,2006-06-26,0,"['Comedy', 'Gag Humor', 'School', 'Shounen']",['Keiichi Arawi'],Recent/Serialized
Umineko no Naku Koro ni - Episode 3: Banquet of the Golden Witch,8.39,2009-09-19,5,"['Drama', 'Horror', 'Mystery', 'Psychological', 'Shounen']","['Kei Natsumi', 'Ryukishi07']",Recent/Serialized
xxxHOLiC,8.38,2003-02-24,19,"['Comedy', 'Drama', 'Mystery', 'Seinen', 'Supernatural']",['CLAMP'],Recent/Serialized
Azumanga Daioh,8.38,1999-01-18,4,"['CGDCT', 'Comedy', 'School', 'Slice of Life']",['Kiyohiko Azuma'],Recent/Serialized
Gunnm,8.38,1990-11,9,"['Action', 'Sci-Fi', 'Seinen']",['Yukito Kishiro'],Recent/Serialized
Kaichou wa Maid-sama!,8.38,2005-12-24,18,"['Comedy', 'Romance', 'School', 'Shoujo']",['Hiro Fujiwara'],Recent/Serialized
Imawa no Kuni no Alice,8.38,2010-11-25,18,"['Action', 'Gore', 'High Stakes Game', 'Horror', 'Psychological', 'Shounen', 'Supernatural', 'Survival', 'Suspense']",['Haro Aso'],Recent/Serialized
"Mata, Onaji Yume wo Miteita",8.38,2017-09-23,3,['Drama'],"['Idumi Kirihara', 'Yoru Sumino']",Recent/Serialized
Mairimashita! Iruma-kun: If Episode of Mafia,8.38,2023-09-12,0,"['Fantasy', 'Organized Crime', 'Shounen']",['hiroja'],Recent/Serialized
Shadows House,8.37,2018-09-06,0,"['Eligible Titles for You Should Read This', 'Fantasy', 'Mystery', 'Seinen']",['Soumatou'],Recent/Serialized
Kieta Hatsukoi,8.37,2019-06-13,9,"['Award Winning', 'Boys Love', 'Comedy', 'Romance', 'School', 'Shoujo']","['Aruko', 'Wataru Hinekure']",Recent/Serialized
Cardcaptor Sakura,8.37,1996-05-02,12,"['Adventure', 'Award Winning', 'Comedy', 'Fantasy', 'Mahou Shoujo', 'Romance', 'Shoujo']",['CLAMP'],Recent/Serialized
Kiseijuu,8.37,1989-07-04,10,"['Action', 'Award Winning', 'Gore', 'Horror', 'Psychological', 'Sci-Fi', 'Seinen']",['Hitoshi Iwaaki'],Recent/Serialized
Piano no Mori,8.37,1998-08-05,26,"['Award Winning', 'Drama', 'Music', 'Seinen']",['Makoto Isshiki'],Recent/Serialized
Mairimashita! Iruma-kun,8.37,2017-03-02,0,"['Comedy', 'Eligible Titles for You Should Read This', 'Fantasy', 'Shounen']",['Osamu Nishi'],Recent/Serialized
Konjiki no Gash!!,8.36,2001-01-10,33,"['Action', 'Adventure', 'Award Winning', 'Comedy', 'Shounen', 'Supernatural']",['Makoto Raiku'],Recent/Serialized
Ten: Tenhou-doori no Kaidanji,8.36,1989-08,18,"['Adult Cast', 'Drama', 'Strategy Game']",['Nobuyuki Fukumoto'],Recent/Serialized
Bakuman.,8.36,2008-08-11,20,"['Comedy', 'Drama', 'Otaku Culture', 'Romance', 'Shounen']","['Takeshi Obata', 'Tsugumi Ohba']",Recent/Serialized
Noragami,8.36,2010-12-06,27,"['Action', 'Fantasy', 'Mythology', 'Shounen']",['Adachitoka'],Recent/Serialized
Boku dake ga Inai Machi,8.36,2012-06-04,9,"['Mystery', 'Psychological', 'Seinen', 'Supernatural', 'Time Travel']",['Kei Sanbe'],Recent/Serialized
Ballroom e Youkoso,8.36,2011-11-05,0,"['Comedy', 'Drama', 'Performing Arts', 'Romance', 'School', 'Shounen', 'Sports']",['Tomo Takeuchi'],Recent/Serialized
Youjo Senki,8.36,2016-04-26,0,"['Action', 'Eligible Titles for You Should Read This', 'Fantasy', 'Isekai', 'Military', 'Reincarnation']","['Chika Toujou', 'Carlo Zen']",Recent/Serialized
Blue Giant Supreme,8.36,2016-09-10,11,"['Music', 'Seinen']",['Shinichi Ishizuka'],Recent/Serialized
Teito Seihai Kitan: Fate/type Redline,8.35,2019-12-20,0,"['Action', 'Fantasy', 'Military', 'Urban Fantasy']","['Keikenchi', 'Ryouji Hirano']",Recent/Serialized
Kanata kara,8.35,1991-09-24,14,"['Adventure', 'Award Winning', 'Fantasy', 'Isekai', 'Mythology', 'Romance', 'Shoujo']",['Kyouko Hikawa'],Recent/Serialized
Touch,8.35,1981-08-05,26,"['Award Winning', 'Comedy', 'Drama', 'Love Polygon', 'Romance', 'School', 'Shounen', 'Sports', 'Team Sports']",['Mitsuru Adachi'],Recent/Serialized
Gin no Saji,8.35,2011-04-06,15,"['Award Winning', 'Comedy', 'Drama', 'School', 'Shounen']",['Hiromu Arakawa'],Recent/Serialized
Shouwa Genroku Rakugo Shinjuu,8.35,2010-03-25,10,"['Adult Cast', 'Award Winning', 'Drama', 'Josei', 'Love Polygon', 'Performing Arts']",['Haruko Kumota'],Recent/Serialized
Tomodachi Game,8.35,2013-12-09,26,"['High Stakes Game', 'Psychological', 'Shounen', 'Strategy Game', 'Suspense']","['Mikoto Yamaguchi', 'Yuuki Satou']",Recent/Serialized
Tokyo Ghoul:re,8.35,2014-10-16,16,"['Action', 'Fantasy', 'Gore', 'Horror', 'Psychological', 'Seinen', 'Urban Fantasy']",['Sui Ishida'],Recent/Serialized
Full Metal Panic! Sigma,8.34,2005-04-09,19,"['Action', 'Mecha', 'Military', 'Romance', 'Shounen']","['Shouji Gatou', 'Hiroshi Ueda']",Recent/Serialized
Homunculus,8.34,2003-03-17,15,"['Drama', 'Horror', 'Mystery', 'Psychological', 'Seinen', 'Supernatural']",['Hideo Yamamoto'],Recent/Serialized
Black Jack,8.34,1973-11-19,25,"['Award Winning', 'Drama', 'Medical', 'Shounen']",['Osamu Tezuka'],Recent/Serialized
Takemitsuzamurai,8.34,2006-08-07,8,"['Award Winning', 'Historical', 'Martial Arts', 'Samurai', 'Seinen', 'Slice of Life']","['Taiyou Matsumoto', 'Issei Eifuku']",Recent/Serialized
Umineko no Naku Koro ni - Episode 4: Alliance of the Golden Witch,8.34,2009-10-01,6,"['Drama', 'Horror', 'Mystery', 'Mythology', 'Psychological']","['Ryukishi07', 'Souichirou']",Recent/Serialized
Saiki Kusuo no Ψ-nan,8.34,2012-05-14,26,"['Comedy', 'Gag Humor', 'School', 'Shounen', 'Super Power', 'Supernatural']",['Shuuichi Asou'],Recent/Serialized
Mushishi Tokubetsu-hen: Hihamukage,8.34,2013-11-25,1,"['Fantasy', 'Historical', 'Iyashikei', 'Mystery', 'Seinen', 'Supernatural']",['Yuki Urushibara'],Recent/Serialized
