Title,Score,Release_Date,Episodes,Genres,Studios,Era_Category
Sousou no Frieren,9.26,2023-09-29,28,"['Adventure', 'Award Winning', 'Drama', 'Fantasy', 'Shounen']",['Madhouse'],All-Time
Re:Zero kara Hajimeru Isekai Seikatsu 4th Season,9.17,2026-04-08,19,"['Drama', 'Fantasy', 'Isekai', 'Psychological', 'Suspense', 'Time Travel']",['White Fox'],Both Eras
Fullmetal Alchemist: Brotherhood,9.11,2009-04-05,64,"['Action', 'Adventure', 'Drama', 'Fantasy', 'Military', 'Shounen']",['Bones'],All-Time
Steel Ball Run: JoJo no Kimyou na Bouken,9.11,2026-03-19,0,"['Action', 'Adventure', 'Historical', 'Mystery', 'Racing', 'Seinen', 'Shounen', 'Supernatural']",['David Production'],Both Eras
Chainsaw Man Movie: Reze-hen,9.07,2025-09-19,1,"['Action', 'Fantasy', 'Gore', 'Shounen', 'Urban Fantasy']",['MAPPA'],All-Time
Steins;Gate,9.07,2011-04-06,24,"['Drama', 'Psychological', 'Sci-Fi', 'Suspense', 'Time Travel']",['White Fox'],All-Time
Gintama: The Final,9.05,2021-01-08,1,"['Action', 'Comedy', 'Drama', 'Gag Humor', 'Historical', 'Parody', 'Samurai', 'Sci-Fi', 'Shounen']",['Bandai Namco Pictures'],All-Time
Gintama°,9.05,2015-04-08,51,"['Action', 'Comedy', 'Gag Humor', 'Historical', 'Parody', 'Samurai', 'Sci-Fi', 'Shounen']",['Bandai Namco Pictures'],All-Time
Shingeki no Kyojin Season 3 Part 2,9.05,2019-04-29,10,"['Action', 'Drama', 'Gore', 'Military', 'Shounen', 'Survival', 'Suspense']",['Wit Studio'],All-Time
Hunter x Hunter (2011),9.03,2011-10-02,148,"['Action', 'Adventure', 'Fantasy', 'Shounen']",['Madhouse'],All-Time
Ginga Eiyuu Densetsu,9.02,1988-01-08,110,"['Adult Cast', 'Drama', 'Military', 'Sci-Fi', 'Space']","['K-Factory', 'Kitty Film Mitaka Studio']",All-Time
Gintama',9.02,2011-04-04,51,"['Action', 'Comedy', 'Gag Humor', 'Historical', 'Parody', 'Samurai', 'Sci-Fi', 'Shounen']",['Sunrise'],All-Time
Gintama': Enchousen,9.02,2012-10-04,13,"['Action', 'Comedy', 'Gag Humor', 'Historical', 'Parody', 'Samurai', 'Sci-Fi', 'Shounen']",['Sunrise'],All-Time
One Piece Fan Letter,9.01,2024-10-20,1,"['Action', 'Adventure', 'Fantasy', 'Shounen']",['Toei Animation'],All-Time
Bleach: Sennen Kessen-hen,8.98,2022-10-11,13,"['Action', 'Adventure', 'Shounen', 'Supernatural']",['Studio Pierrot'],All-Time
Gintama.,8.98,2017-01-09,12,"['Action', 'Comedy', 'Gag Humor', 'Historical', 'Parody', 'Samurai', 'Sci-Fi', 'Shounen']",['Bandai Namco Pictures'],All-Time
Kaguya-sama wa Kokurasetai: Ultra Romantic,8.95,2022-04-09,13,"['Comedy', 'Romance', 'School', 'Seinen']",['A-1 Pictures'],All-Time
Clannad: After Story,8.93,2008-10-03,24,"['Drama', 'Romance']",['Kyoto Animation'],All-Time
Fruits Basket: The Final,8.93,2021-04-06,13,"['Drama', 'Romance', 'Shoujo', 'Supernatural']",['TMS Entertainment'],All-Time
Gintama,8.93,2006-04-04,201,"['Action', 'Comedy', 'Gag Humor', 'Historical', 'Parody', 'Samurai', 'Sci-Fi', 'Shounen']",['Sunrise'],All-Time
Koe no Katachi,8.93,2016-09-17,1,"['Award Winning', 'Drama', 'Shounen']",['Kyoto Animation'],All-Time
Code Geass: Hangyaku no Lelouch R2,8.92,2008-04-06,25,"['Award Winning', 'Drama', 'Mecha', 'Military', 'Sci-Fi', 'Super Power']",['Sunrise'],All-Time
Kusuriya no Hitorigoto 2nd Season,8.91,2025-01-10,24,"['Drama', 'Historical', 'Medical', 'Mystery']","['OLM', 'TOHO animation STUDIO']",All-Time
3-gatsu no Lion 2nd Season,8.9,2017-10-14,22,"['Drama', 'Seinen', 'Strategy Game']",['Shaft'],All-Time
Gintama Movie 2: Kanketsu-hen - Yorozuya yo Eien Nare,8.89,2013-07-06,1,"['Action', 'Comedy', 'Gag Humor', 'Historical', 'Parody', 'Samurai', 'Sci-Fi', 'Shounen', 'Time Travel']",['Sunrise'],All-Time
Monster,8.89,2004-04-07,74,"['Adult Cast', 'Drama', 'Mystery', 'Psychological', 'Seinen', 'Suspense']",['Madhouse'],All-Time
Gintama. Shirogane no Tamashii-hen - Kouhan-sen,8.88,2018-07-09,14,"['Action', 'Comedy', 'Gag Humor', 'Historical', 'Parody', 'Samurai', 'Sci-Fi', 'Shounen']",['Bandai Namco Pictures'],All-Time
Sousou no Frieren 2nd Season,8.87,2026-01-16,10,"['Adventure', 'Drama', 'Fantasy', 'Shounen']",['Madhouse'],All-Time
Owarimonogatari 2nd Season,8.86,2017-08-12,7,"['Comedy', 'Mystery', 'Supernatural', 'Vampire']",['Shaft'],All-Time
Shingeki no Kyojin: The Final Season - Kanketsu-hen,8.86,2023-03-04,2,"['Action', 'Drama', 'Gore', 'Military', 'Shounen', 'Survival', 'Suspense']",['MAPPA'],All-Time
Kingdom 3rd Season,8.85,2020-04-06,26,"['Action', 'Historical', 'Military', 'Seinen']","['Studio Pierrot', 'Studio Signpost']",All-Time
Kusuriya no Hitorigoto,8.85,2023-10-22,24,"['Drama', 'Historical', 'Medical', 'Mystery']","['OLM', 'TOHO animation STUDIO']",All-Time
Shingeki no Kyojin Movie: Kanketsu-hen - The Last Attack,8.83,2024-11-08,1,"['Action', 'Drama', 'Gore', 'Military', 'Shounen', 'Survival', 'Suspense']",['MAPPA'],All-Time
Vinland Saga Season 2,8.83,2023-01-10,24,"['Action', 'Adventure', 'Drama', 'Gore', 'Historical', 'Seinen']",['MAPPA'],All-Time
Violet Evergarden Movie,8.83,2020-09-18,1,"['Award Winning', 'Drama']",['Kyoto Animation'],All-Time
Kimi no Na wa.,8.82,2016-08-26,1,"['Award Winning', 'Drama']",['CoMix Wave Films'],All-Time
Gintama. Shirogane no Tamashii-hen,8.81,2018-01-08,12,"['Action', 'Comedy', 'Gag Humor', 'Historical', 'Parody', 'Samurai', 'Sci-Fi', 'Shounen']",['Bandai Namco Pictures'],All-Time
Ashita no Joe 2,8.8,1980-10-13,47,"['Combat Sports', 'Drama', 'Shounen', 'Sports']",['Tokyo Movie Shinsha'],All-Time
Shingeki no Kyojin: The Final Season,8.79,2020-12-07,16,"['Action', 'Drama', 'Gore', 'Military', 'Shounen', 'Survival', 'Suspense']",['MAPPA'],All-Time
Hajime no Ippo,8.78,2000-10-04,75,"['Combat Sports', 'Shounen', 'Sports']",['Madhouse'],All-Time
Kizumonogatari III: Reiketsu-hen,8.78,2017-01-06,1,"['Action', 'Mystery', 'Supernatural', 'Vampire']",['Shaft'],All-Time
Mob Psycho 100 II,8.78,2019-01-07,13,"['Action', 'Comedy', 'Supernatural']",['Bones'],All-Time
Vinland Saga,8.78,2019-07-08,24,"['Action', 'Adventure', 'Drama', 'Gore', 'Historical', 'Seinen']",['Wit Studio'],All-Time
Haikyuu!! Karasuno Koukou vs. Shiratorizawa Gakuen Koukou,8.77,2016-10-08,10,"['School', 'Shounen', 'Sports', 'Team Sports']",['Production I.G'],All-Time
Sen to Chihiro no Kamikakushi,8.77,2001-07-20,1,"['Adventure', 'Award Winning', 'Fantasy', 'Mythology']",['Studio Ghibli'],All-Time
Shingeki no Kyojin: The Final Season Part 2,8.77,2022-01-10,12,"['Action', 'Drama', 'Gore', 'Military', 'Shounen', 'Survival', 'Suspense']",['MAPPA'],All-Time
Monogatari Series: Second Season,8.76,2013-07-07,26,"['Comedy', 'Mystery', 'Romance', 'Supernatural', 'Vampire']",['Shaft'],All-Time
Cowboy Bebop,8.75,1998-04-03,26,"['Action', 'Adult Cast', 'Award Winning', 'Sci-Fi', 'Space']",['Sunrise'],All-Time
Takopii no Genzai,8.75,2025-06-28,6,"['Drama', 'Psychological', 'Sci-Fi', 'Shounen', 'Time Travel']",['Enishiya'],All-Time
Ikoku Nikki,8.74,2026-01-04,13,"['Drama', 'Josei']",['Shuka'],All-Time
Bocchi the Rock!,8.73,2022-10-09,12,"['CGDCT', 'Comedy', 'Music']",['CloverWorks'],All-Time
Hibike! Euphonium 3,8.73,2024-04-07,13,"['Drama', 'Music', 'Performing Arts', 'School']",['Kyoto Animation'],All-Time
Kingdom 4th Season,8.73,2022-04-10,26,"['Action', 'Historical', 'Military', 'Seinen']","['Studio Pierrot', 'Studio Signpost']",All-Time
One Piece,8.73,1999-10-20,0,"['Action', 'Adventure', 'Fantasy', 'Shounen']",['Toei Animation'],Both Eras
86 Part 2,8.72,2021-10-03,12,"['Drama', 'Mecha', 'Military', 'Sci-Fi']",['A-1 Pictures'],All-Time
Chi. Chikyuu no Undou ni Tsuite,8.72,2024-10-05,25,"['Drama', 'Historical', 'Seinen']",['Madhouse'],All-Time
Kingdom 5th Season,8.72,2024-01-14,13,"['Action', 'Historical', 'Military', 'Seinen']","['Studio Pierrot', 'Studio Signpost']",All-Time
Mob Psycho 100 III,8.72,2022-10-06,12,"['Action', 'Comedy', 'Supernatural']",['Bones'],All-Time
Mushishi Zoku Shou 2nd Season,8.72,2014-10-19,10,"['Adult Cast', 'Adventure', 'Historical', 'Iyashikei', 'Mystery', 'Seinen', 'Slice of Life', 'Supernatural']",['Artland'],All-Time
Boku no Hero Academia: Final Season,8.71,2025-10-04,11,"['Action', 'School', 'Shounen', 'Super Power']",['Bones Film'],All-Time
Code Geass: Hangyaku no Lelouch,8.71,2006-10-06,25,"['Award Winning', 'Drama', 'Mecha', 'Military', 'School', 'Sci-Fi', 'Super Power']",['Sunrise'],All-Time
Kaguya-sama wa Kokurasetai: First Kiss wa Owaranai,8.71,2022-12-17,1,"['Comedy', 'Drama', 'Romance', 'School', 'Seinen']",['A-1 Pictures'],All-Time
Bleach: Sennen Kessen-hen - Ketsubetsu-tan,8.7,2023-07-08,13,"['Action', 'Adventure', 'Shounen', 'Supernatural']",['Studio Pierrot'],All-Time
Jujutsu Kaisen 2nd Season,8.7,2023-07-06,23,"['Action', 'Gore', 'School', 'Shounen', 'Supernatural']",['MAPPA'],All-Time
Shiguang Dailiren,8.7,2021-04-30,11,"['Adult Cast', 'Drama', 'Mystery', 'Super Power', 'Suspense', 'Time Travel']",['LAN Studio'],All-Time
Shouwa Genroku Rakugo Shinjuu: Sukeroku Futatabi-hen,8.7,2017-01-07,12,"['Adult Cast', 'Drama', 'Historical', 'Josei', 'Love Polygon', 'Performing Arts']",['Studio Deen'],All-Time
The First Slam Dunk,8.7,2022-12-03,1,"['Award Winning', 'School', 'Shounen', 'Sports', 'Team Sports']","['Toei Animation', 'DandeLion Animation Studio']",All-Time
[Oshi no Ko] 3rd Season,8.7,2026-01-14,11,"['Drama', 'Reincarnation', 'Seinen', 'Showbiz']",['Doga Kobo'],All-Time
Kimetsu no Yaiba: Yuukaku-hen,8.69,2021-12-05,11,"['Action', 'Historical', 'Shounen', 'Supernatural']",['ufotable'],All-Time
Rurouni Kenshin: Meiji Kenkaku Romantan - Tsuioku-hen,8.69,1999-02-20,4,"['Action', 'Adult Cast', 'Drama', 'Historical', 'Romance', 'Samurai', 'Shounen']",['Studio Deen'],All-Time
Violet Evergarden,8.69,2018-01-11,13,['Drama'],['Kyoto Animation'],All-Time
Boku no Kokoro no Yabai Yatsu 2nd Season,8.68,2024-01-07,13,"['Comedy', 'Romance', 'School', 'Shounen']",['Shin-Ei Animation'],All-Time
Great Teacher Onizuka,8.68,1999-06-30,43,"['Comedy', 'Delinquents', 'School', 'Shounen', 'Workplace']",['Studio Pierrot'],All-Time
Mushishi Zoku Shou,8.68,2014-04-05,10,"['Adult Cast', 'Adventure', 'Historical', 'Iyashikei', 'Mystery', 'Seinen', 'Slice of Life', 'Supernatural']",['Artland'],All-Time
Tongari Boushi no Atelier,8.68,2026-04-06,13,"['Fantasy', 'Seinen']",['BUG FILMS'],Both Eras
Bleach: Sennen Kessen-hen - Soukoku-tan,8.67,2024-10-05,14,"['Action', 'Adventure', 'Shounen', 'Supernatural']",['Pierrot Films'],All-Time
Hajime no Ippo: New Challenger,8.67,2009-01-07,26,"['Combat Sports', 'Shounen', 'Sports']",['Madhouse'],All-Time
Howl no Ugoku Shiro,8.67,2004-11-20,1,"['Adventure', 'Award Winning', 'Drama', 'Fantasy', 'Romance']",['Studio Ghibli'],All-Time
Kingdom 6th Season,8.67,2025-10-05,13,"['Action', 'Historical', 'Military', 'Seinen']","['Studio Pierrot', 'Studio Signpost']",All-Time
Mononoke Hime,8.67,1997-07-12,1,"['Action', 'Adventure', 'Award Winning', 'Fantasy']",['Studio Ghibli'],All-Time
Tu Bian Yingxiong X,8.67,2025-04-06,24,"['Action', 'Super Power']","['Pb Animation', 'LAN Studio', 'Paper Plane Animation Studio', 'B.COOL STUDIO']",All-Time
Uma Musume: Cinderella Gray Part 2,8.67,2025-10-05,10,"['Anthropomorphic', 'Drama', 'Racing', 'Seinen', 'Sports']",['CygamesPictures'],All-Time
Kimetsu no Yaiba Movie 1: Mugenjou-hen - Akaza Sairai,8.66,2025-07-18,1,"['Action', 'Award Winning', 'Historical', 'Shounen', 'Supernatural']",['ufotable'],All-Time
Mo Dao Zu Shi: Wanjie Pian,8.66,2021-08-07,12,"['Action', 'Adventure', 'Drama', 'Fantasy', 'Historical', 'Mystery', 'Mythology', 'Reincarnation']",['B.CMAY PICTURES'],All-Time
Luo Xiaohei Zhanji 2,8.65,2025-07-18,1,"['Adventure', 'Drama', 'Fantasy']",['HMCH'],All-Time
Mushishi,8.65,2005-10-23,26,"['Adult Cast', 'Adventure', 'Historical', 'Iyashikei', 'Mystery', 'Seinen', 'Slice of Life', 'Supernatural']",['Artland'],All-Time
Shingeki no Kyojin Season 3,8.65,2018-07-23,12,"['Action', 'Drama', 'Gore', 'Military', 'Shounen', 'Survival', 'Suspense']",['Wit Studio'],All-Time
Monogatari Series: Off & Monster Season,8.64,2024-07-06,14,"['Comedy', 'Mystery', 'Supernatural', 'Vampire']",['Shaft'],All-Time
Shigatsu wa Kimi no Uso,8.64,2014-10-10,22,"['Drama', 'Love Polygon', 'Music', 'Performing Arts', 'Romance', 'School', 'Shounen']",['A-1 Pictures'],All-Time
Tengen Toppa Gurren Lagann,8.64,2007-04-01,27,"['Adventure', 'Award Winning', 'Mecha', 'Sci-Fi']",['Gainax'],All-Time
Tian Guan Cifu Er,8.64,2023-10-18,12,"['Action', 'Adventure', 'Drama', 'Fantasy', 'Historical', 'Mythology']",['Red Dog Culture House'],All-Time
Uma Musume: Pretty Derby - Shin Jidai no Tobira,8.64,2024-05-24,1,"['Anthropomorphic', 'Racing', 'Sports']",['CygamesPictures'],All-Time
Fate/stay night Movie: Heaven's Feel - III. Spring Song,8.63,2020-08-15,1,"['Action', 'Fantasy', 'Urban Fantasy']",['ufotable'],All-Time
Natsume Yuujinchou Shi,8.63,2012-01-03,13,"['Iyashikei', 'Mythology', 'Shoujo', 'Slice of Life', 'Supernatural']","[""Brain's Base""]",All-Time
Odd Taxi,8.63,2021-04-06,13,"['Adult Cast', 'Anthropomorphic', 'Award Winning', 'Drama', 'Mystery', 'Organized Crime', 'Suspense']","['OLM', 'P.I.C.S.']",All-Time
Ping Pong the Animation,8.63,2014-04-11,11,"['Award Winning', 'Drama', 'Seinen', 'Sports']",['Tatsunoko Production'],All-Time
Shiguang Dailiren II,8.63,2023-07-14,12,"['Adult Cast', 'Drama', 'Mystery', 'Super Power', 'Suspense', 'Time Travel']",['LAN Studio'],All-Time
Cyberpunk: Edgerunners,8.62,2022-09-13,10,"['Action', 'Gore', 'Organized Crime', 'Sci-Fi']",['Trigger'],All-Time
Death Note,8.62,2006-10-04,37,"['Psychological', 'Shounen', 'Supernatural', 'Suspense']",['Madhouse'],All-Time
Haikyuu!! Movie: Gomisuteba no Kessen,8.62,2024-02-16,1,"['School', 'Shounen', 'Sports', 'Team Sports']",['Production I.G'],All-Time
Jujutsu Kaisen: Shimetsu Kaiyuu - Zenpen,8.62,2026-01-09,12,"['Action', 'Shounen', 'Supernatural']",['MAPPA'],All-Time
Look Back,8.62,2024-06-28,1,"['Award Winning', 'Drama', 'Otaku Culture', 'Shounen']",['Studio DURIAN'],All-Time
Made in Abyss,8.62,2017-07-07,13,"['Adventure', 'Drama', 'Fantasy', 'Gore', 'Mystery', 'Sci-Fi']",['Kinema Citrus'],All-Time
Guimi Zhi Zhu: Xiaochou Pian,8.61,2025-06-28,13,"['Action', 'Adult Cast', 'Fantasy', 'Isekai', 'Mystery', 'Suspense']",['B.CMAY PICTURES'],All-Time
Haikyuu!! Second Season,8.61,2015-10-04,25,"['School', 'Shounen', 'Sports', 'Team Sports']",['Production I.G'],All-Time
Hajime no Ippo: Rising,8.61,2013-10-06,25,"['Combat Sports', 'Shounen', 'Sports']","['Madhouse', 'MAPPA']",All-Time
Kaguya-sama wa Kokurasetai? Tensai-tachi no Renai Zunousen,8.61,2020-04-11,12,"['Comedy', 'Romance', 'School', 'Seinen']",['A-1 Pictures'],All-Time
Kenpuu Denki Berserk,8.61,1997-10-08,25,"['Action', 'Adventure', 'Drama', 'Fantasy', 'Gore', 'Horror', 'Military', 'Psychological', 'Seinen']",['OLM'],All-Time
Natsume Yuujinchou Roku,8.61,2017-04-12,11,"['Iyashikei', 'Mythology', 'Shoujo', 'Slice of Life', 'Supernatural']",['Shuka'],All-Time
Tengen Toppa Gurren Lagann Movie 2: Lagann-hen,8.61,2009-04-22,1,"['Mecha', 'Sci-Fi', 'Space', 'Super Power']",['Gainax'],All-Time
Bungou Stray Dogs 5th Season,8.6,2023-07-12,11,"['Action', 'Adult Cast', 'Detective', 'Mystery', 'Organized Crime', 'Seinen', 'Super Power', 'Vampire']",['Bones'],All-Time
Chiikawa,8.6,2022-04-04,0,['Slice of Life'],['Doga Kobo'],Both Eras
Made in Abyss Movie 3: Fukaki Tamashii no Reimei,8.6,2020-01-17,1,"['Adventure', 'Drama', 'Fantasy', 'Gore', 'Mystery', 'Sci-Fi']",['Kinema Citrus'],All-Time
Mushoku Tensei: Isekai Ittara Honki Dasu Part 2,8.6,2021-10-04,12,"['Adventure', 'Drama', 'Ecchi', 'Fantasy', 'Isekai', 'Reincarnation']",['Studio Bind'],All-Time
Dungeon Meshi,8.59,2024-01-04,24,"['Adventure', 'Comedy', 'Fantasy', 'Gourmet', 'Seinen']",['Trigger'],All-Time
Made in Abyss: Retsujitsu no Ougonkyou,8.59,2022-07-06,12,"['Adventure', 'Drama', 'Fantasy', 'Gore', 'Mystery', 'Sci-Fi']",['Kinema Citrus'],All-Time
Seishun Buta Yarou wa Yumemiru Shoujo no Yume wo Minai,8.59,2019-06-15,1,"['Drama', 'Romance', 'School', 'Supernatural']",['CloverWorks'],All-Time
Suzumiya Haruhi no Shoushitsu,8.59,2010-02-06,1,"['Award Winning', 'Mystery', 'School', 'Sci-Fi', 'Supernatural']",['Kyoto Animation'],All-Time
JoJo no Kimyou na Bouken Part 5: Ougon no Kaze,8.58,2018-10-06,39,"['Action', 'Adventure', 'Organized Crime', 'Shounen', 'Super Power']",['David Production'],All-Time
Mushishi Zoku Shou: Suzu no Shizuku,8.58,2015-05-16,1,"['Adult Cast', 'Adventure', 'Historical', 'Iyashikei', 'Mystery', 'Seinen', 'Slice of Life', 'Supernatural']",['Artland'],All-Time
Shin Evangelion Movie:||,8.58,2021-03-08,1,"['Award Winning', 'Drama', 'Mecha', 'Psychological', 'Sci-Fi', 'Suspense']",['Khara'],All-Time
Uma Musume: Cinderella Gray,8.58,2025-04-06,13,"['Anthropomorphic', 'Drama', 'Racing', 'Seinen', 'Sports']",['CygamesPictures'],All-Time
Doupo Cangqiong: San Nian Zhi Yue,8.57,2021-10-31,13,"['Action', 'Adventure', 'Fantasy', 'Historical', 'Martial Arts']",['Motion Magic'],All-Time
Nana,8.57,2006-04-05,47,"['Adult Cast', 'Drama', 'Love Polygon', 'Music', 'Romance', 'Shoujo']",['Madhouse'],All-Time
Natsume Yuujinchou Shichi,8.57,2024-10-08,12,"['Iyashikei', 'Mythology', 'Shoujo', 'Slice of Life', 'Supernatural']",['Shuka'],All-Time
Shingeki no Kyojin,8.57,2013-04-07,25,"['Action', 'Award Winning', 'Drama', 'Gore', 'Military', 'Shounen', 'Survival', 'Suspense']",['Wit Studio'],All-Time
"Shinseiki Evangelion Movie: Air/Magokoro wo, Kimi ni",8.57,1997-07-19,1,"['Avant Garde', 'Drama', 'Mecha', 'Psychological', 'Sci-Fi', 'Suspense']","['Gainax', 'Production I.G']",All-Time
Super no Ura de Yani Suu Futari,8.57,2026-06-03,0,"['Adult Cast', 'Love Status Quo', 'Romance', 'Seinen']",['Asahi Production'],Both Eras
Haikyuu!! To the Top Part 2,8.56,2020-10-03,12,"['School', 'Shounen', 'Sports', 'Team Sports']",['Production I.G'],All-Time
Kizumonogatari II: Nekketsu-hen,8.56,2016-08-19,1,"['Action', 'Mystery', 'Supernatural', 'Vampire']",['Shaft'],All-Time
Natsume Yuujinchou Go,8.56,2016-10-05,11,"['Iyashikei', 'Mythology', 'Shoujo', 'Slice of Life', 'Supernatural']",['Shuka'],All-Time
Natsume Yuujinchou San,8.56,2011-07-05,13,"['Iyashikei', 'Mythology', 'Shoujo', 'Slice of Life', 'Supernatural']","[""Brain's Base""]",All-Time
Ookami Kodomo no Ame to Yuki,8.56,2012-07-21,1,"['Award Winning', 'Childcare', 'Slice of Life', 'Supernatural']",['Studio Chizu'],All-Time
Perfect Blue,8.56,1998-02-28,1,"['Adult Cast', 'Avant Garde', 'Award Winning', 'Drama', 'Horror', 'Psychological', 'Showbiz', 'Suspense']",['Madhouse'],All-Time
Slam Dunk,8.56,1993-10-16,101,"['School', 'Shounen', 'Sports', 'Team Sports']",['Toei Animation'],All-Time
Kimi no Suizou wo Tabetai,8.55,2018-09-01,1,"['Drama', 'Romance', 'School']",['Studio VOLN'],All-Time
Steins;Gate 0,8.55,2018-04-12,23,"['Drama', 'Sci-Fi', 'Suspense', 'Time Travel']",['White Fox'],All-Time
Yojouhan Shinwa Taikei,8.55,2010-04-23,11,"['Adult Cast', 'Award Winning', 'Comedy', 'Mystery', 'Psychological', 'Romance', 'Suspense', 'Time Travel']",['Madhouse'],All-Time
Fanren Xiu Xian Zhuan 4th Season,8.54,2025-01-18,52,"['Action', 'Adventure', 'Fantasy', 'Historical', 'Martial Arts']","['Original Force', 'Wonder Cat Animation']",All-Time
Fate/Zero 2nd Season,8.54,2012-04-08,12,"['Action', 'Fantasy', 'Urban Fantasy']",['ufotable'],All-Time
Hotaru no Haka,8.54,1988-04-16,1,"['Drama', 'Historical']",['Studio Ghibli'],All-Time
Shingeki no Kyojin Season 2,8.54,2017-04-01,12,"['Action', 'Drama', 'Gore', 'Military', 'Shounen', 'Survival', 'Suspense']",['Wit Studio'],All-Time
Shouwa Genroku Rakugo Shinjuu,8.54,2016-01-09,13,"['Drama', 'Historical', 'Josei', 'Love Polygon', 'Performing Arts']",['Studio Deen'],All-Time
Kimetsu no Yaiba Movie: Mugen Ressha-hen,8.53,2020-10-16,1,"['Action', 'Historical', 'Shounen', 'Supernatural']",['ufotable'],All-Time
Mushishi: Hihamukage,8.53,2014-01-04,1,"['Adult Cast', 'Adventure', 'Historical', 'Iyashikei', 'Mystery', 'Seinen', 'Slice of Life', 'Supernatural']",['Artland'],All-Time
Ore dake Level Up na Ken Season 2: Arise from the Shadow,8.53,2025-01-05,13,"['Action', 'Adult Cast', 'Adventure', 'Fantasy', 'Urban Fantasy']",['A-1 Pictures'],All-Time
Zoku Natsume Yuujinchou,8.53,2009-01-06,13,"['Iyashikei', 'Mythology', 'Shoujo', 'Slice of Life', 'Supernatural']","[""Brain's Base""]",All-Time
[Oshi no Ko],8.53,2023-04-12,11,"['Award Winning', 'Drama', 'Reincarnation', 'Seinen', 'Showbiz']",['Doga Kobo'],All-Time
Fruits Basket 2nd Season,8.52,2020-04-07,25,"['Drama', 'Romance', 'School', 'Shoujo', 'Supernatural']",['TMS Entertainment'],All-Time
Gintama Movie 1: Shinyaku Benizakura-hen,8.52,2010-04-24,1,"['Action', 'Comedy', 'Historical', 'Parody', 'Samurai', 'Sci-Fi', 'Shounen']",['Sunrise'],All-Time
Kaguya-sama wa Kokurasetai: Otona e no Kaidan,8.52,2025-12-31,1,"['Comedy', 'Romance', 'School', 'Seinen']",['A-1 Pictures'],All-Time
Samurai Champloo,8.52,2004-05-20,26,"['Action', 'Adventure', 'Comedy', 'Historical', 'Samurai']",['Manglobe'],All-Time
Shoujo☆Kageki Revue Starlight Movie,8.52,2021-06-04,1,"['Drama', 'Music', 'Performing Arts', 'School']",['Kinema Citrus'],All-Time
Bakuman. 3rd Season,8.51,2012-10-06,25,"['Comedy', 'Drama', 'Otaku Culture', 'Romance', 'Shounen']",['J.C.Staff'],All-Time
Dr. Stone: Science Future Part 2,8.51,2025-07-10,12,"['Adventure', 'Comedy', 'Shounen']",['TMS Entertainment'],All-Time
Gintama. Porori-hen,8.51,2017-10-02,13,"['Action', 'Comedy', 'Gag Humor', 'Historical', 'Parody', 'Samurai', 'Sci-Fi', 'Shounen']",['Bandai Namco Pictures'],All-Time
JoJo no Kimyou na Bouken Part 4: Diamond wa Kudakenai,8.51,2016-04-02,39,"['Action', 'Adventure', 'Shounen', 'Super Power']",['David Production'],All-Time
JoJo no Kimyou na Bouken Part 6: Stone Ocean Part 3,8.51,2022-12-01,14,"['Action', 'Adventure', 'Shounen', 'Super Power']",['David Production'],All-Time
Koukaku Kidoutai: Stand Alone Complex 2nd GIG,8.51,2004-01-01,26,"['Adult Cast', 'Detective', 'Mecha', 'Military', 'Mystery', 'Sci-Fi', 'Seinen']",['Production I.G'],All-Time
Nippon Sangoku,8.51,2026-04-07,12,"['Drama', 'Military']",['Studio Kafka'],Both Eras
[Oshi no Ko] 2nd Season,8.51,2024-07-03,13,"['Drama', 'Reincarnation', 'Seinen', 'Showbiz']",['Doga Kobo'],All-Time
Given Movie 3: Umi e,8.5,2024-09-20,1,"['Boys Love', 'Drama', 'Music']",['Lerche'],All-Time
Grand Blue Season 2,8.5,2025-07-08,12,"['Adult Cast', 'Comedy', 'Gag Humor', 'Seinen']","['Zero-G', 'Liber']",All-Time
Jujutsu Kaisen,8.5,2020-10-03,24,"['Action', 'Award Winning', 'School', 'Shounen', 'Supernatural']",['MAPPA'],All-Time
Kaoru Hana wa Rin to Saku,8.5,2025-07-06,13,"['Drama', 'Romance', 'School']",['CloverWorks'],All-Time
Kara no Kyoukai Movie 5: Mujun Rasen,8.5,2008-08-16,1,"['Action', 'Drama', 'Fantasy', 'Mystery', 'Romance', 'Suspense', 'Urban Fantasy']",['ufotable'],All-Time
Mahou Shoujo Madoka★Magica Movie 3: Hangyaku no Monogatari,8.5,2013-10-26,1,"['Award Winning', 'Drama', 'Mahou Shoujo', 'Psychological', 'Suspense']",['Shaft'],All-Time
Sora yori mo Tooi Basho,8.5,2018-01-02,13,"['Adventure', 'CGDCT', 'Comedy', 'Drama']",['Madhouse'],All-Time
Tian Guan Cifu Short Films,8.5,2025-02-12,0,"['Action', 'Adventure', 'Drama', 'Fantasy', 'Historical', 'Mythology']",['Red Dog Culture House'],Both Eras
Xian Ni,8.5,2023-09-25,180,"['Action', 'Adventure', 'Fantasy', 'Historical', 'Martial Arts']",['BUILD DREAM'],Both Eras
Yuru Camp△ Season 2,8.5,2021-01-07,13,"['CGDCT', 'Iyashikei', 'Slice of Life']",['C-Station'],All-Time
Dorohedoro Season 2,8.49,2026-04-01,11,"['Action', 'Comedy', 'Fantasy', 'Gore', 'Horror', 'Seinen']",['MAPPA'],All-Time
Mob Psycho 100,8.49,2016-07-11,12,"['Action', 'Comedy', 'Supernatural']",['Bones'],All-Time
Aria the Origination,8.48,2008-01-08,13,"['Iyashikei', 'Sci-Fi', 'Shounen', 'Slice of Life']",['HAL Film Maker'],All-Time
Ousama Ranking,8.48,2021-10-15,23,"['Adventure', 'Fantasy']",['Wit Studio'],All-Time
Tian Guan Cifu Special,8.48,2021-02-16,1,"['Action', 'Adventure', 'Drama', 'Fantasy', 'Historical', 'Mythology']",['Haoliners Animation'],All-Time
Uchuu Kyoudai,8.48,2012-04-01,99,"['Adult Cast', 'Comedy', 'Seinen', 'Space', 'Workplace']",['A-1 Pictures'],All-Time
Ansatsu Kyoushitsu 2nd Season,8.47,2016-01-08,25,"['Action', 'Comedy', 'School', 'Shounen']",['Lerche'],All-Time
Chou Kaguya-hime!,8.47,2026-01-22,1,"['Action', 'Music', 'Mythology', 'Sci-Fi', 'Supernatural']","['Studio Colorido', 'Studio Chromato']",All-Time
Nichijou,8.47,2011-04-03,26,"['Comedy', 'Gag Humor', 'School', 'Shounen']",['Kyoto Animation'],All-Time
One Punch Man,8.47,2015-10-05,12,"['Action', 'Adult Cast', 'Comedy', 'Parody', 'Seinen', 'Super Power']",['Madhouse'],All-Time
Prism Rondo,8.47,2026-01-15,20,"['Adult Cast', 'Drama', 'Historical', 'Romance', 'Visual Arts']",['Wit Studio'],All-Time
Yakusoku no Neverland,8.47,2019-01-11,12,"['Mystery', 'Psychological', 'Shounen', 'Survival', 'Suspense']",['CloverWorks'],All-Time
Chihayafuru 3,8.46,2019-10-23,24,"['Drama', 'Josei', 'Love Polygon', 'Romance', 'School', 'Sports', 'Strategy Game']",['Madhouse'],All-Time
Fate/stay night Movie: Heaven's Feel - II. Lost Butterfly,8.46,2019-01-12,1,"['Action', 'Fantasy', 'Urban Fantasy']",['ufotable'],All-Time
Mo Dao Zu Shi: Xian Yun Pian,8.46,2019-08-03,8,"['Action', 'Adventure', 'Drama', 'Fantasy', 'Historical', 'Mystery', 'Mythology', 'Reincarnation']",['B.CMAY PICTURES'],All-Time
Rainbow: Nisha Rokubou no Shichinin,8.46,2010-04-07,26,"['Delinquents', 'Drama', 'Historical', 'Seinen', 'Suspense']",['Madhouse'],All-Time
Summertime Render,8.46,2022-04-15,25,"['Mystery', 'Shounen', 'Supernatural', 'Suspense', 'Time Travel']",['OLM'],All-Time
Yuu☆Yuu☆Hakusho,8.46,1992-10-10,112,"['Action', 'Martial Arts', 'Mythology', 'Shounen', 'Supernatural']",['Studio Pierrot'],All-Time
Banana Fish,8.45,2018-07-06,24,"['Action', 'Adventure', 'Delinquents', 'Drama', 'Organized Crime', 'Psychological', 'Shoujo', 'Suspense']",['MAPPA'],All-Time
Gintama: The Semi-Final,8.45,2021-01-15,2,"['Action', 'Comedy', 'Gag Humor', 'Historical', 'Parody', 'Samurai', 'Shounen']",['Bandai Namco Pictures'],All-Time
Grand Blue,8.45,2018-07-14,12,"['Adult Cast', 'Comedy', 'Gag Humor', 'Seinen']",['Zero-G'],All-Time
Mo Dao Zu Shi,8.45,2018-07-09,15,"['Action', 'Adventure', 'Drama', 'Fantasy', 'Historical', 'Mystery', 'Mythology', 'Reincarnation']",['B.CMAY PICTURES'],All-Time
Nezha Zhi Mo Tong Nao Hai,8.45,2025-01-29,1,"['Action', 'Comedy', 'Drama', 'Fantasy', 'Historical']",['October Media'],All-Time
Owarimonogatari,8.45,2015-10-04,12,"['Comedy', 'Mystery', 'Supernatural', 'Vampire']",['Shaft'],All-Time
Steins;Gate Movie: Fuka Ryouiki no Déjà vu,8.45,2013-04-20,1,"['Drama', 'Sci-Fi']",['White Fox'],All-Time
Hunter x Hunter,8.44,1999-10-16,62,"['Action', 'Adventure', 'Fantasy', 'Shounen']",['Nippon Animation'],All-Time
JoJo no Kimyou na Bouken Part 3: Stardust Crusaders - Egypt-hen,8.44,2015-01-10,24,"['Action', 'Adventure', 'Shounen', 'Super Power']",['David Production'],All-Time
Medalist 2nd Season,8.44,2026-01-25,9,"['Drama', 'Performing Arts', 'Seinen', 'Sports']",['ENGI'],All-Time
Pluto,8.44,2023-10-26,8,"['Action', 'Detective', 'Mystery', 'Psychological', 'Sci-Fi', 'Seinen', 'Suspense']",['Studio M2'],All-Time
Doupo Cangqiong: Nian Fan,8.43,2022-07-31,209,"['Action', 'Adventure', 'Fantasy', 'Historical', 'Martial Arts']",['Motion Magic'],Recent/Airing
Tunshi Xingkong 4th Season,8.35,2023-10-03,175,"['Action', 'Adventure', 'Fantasy', 'Martial Arts', 'Sci-Fi']",['Sparkly Key Animation Studio'],Recent/Airing
Mushen Ji,8.32,2024-10-27,0,"['Action', 'Adventure', 'Fantasy', 'Historical', 'Martial Arts']",['Sparkly Key Animation Studio'],Recent/Airing
Dr. Stone: Science Future Part 3,8.29,2026-04-02,13,"['Adventure', 'Comedy', 'Shounen']",['TMS Entertainment'],Recent/Airing
Tsue to Tsurugi no Wistoria Season 2,8.24,2026-04-12,12,"['Action', 'Fantasy', 'School', 'Shounen']","['Actas', 'Bandai Namco Pictures']",Recent/Airing
Meitantei Conan,8.18,1996-01-08,0,"['Adventure', 'Comedy', 'Detective', 'Mystery', 'Shounen']",['TMS Entertainment'],Recent/Airing
Holo no Graffiti,8.14,2019-05-05,0,['Comedy'],['Hololive Production'],Recent/Airing
Mairimashita! Iruma-kun 4th Season,8.13,2026-04-04,24,"['Comedy', 'Fantasy', 'School', 'Shounen']",['Bandai Namco Pictures'],Recent/Airing
Diamond no Ace: Act II Second Season,8.12,2026-04-05,13,"['School', 'Shounen', 'Sports', 'Team Sports']",['OLM'],Recent/Airing
Tensei shitara Slime Datta Ken 4th Season,8.11,2026-04-03,0,"['Action', 'Comedy', 'Fantasy', 'Isekai', 'Reincarnation', 'Shounen']",['8bit'],Recent/Airing
Douluo Dalu II: Jueshi Tangmen,8.04,2023-06-24,182,"['Action', 'Adventure', 'Fantasy', 'Martial Arts']",['Sparkly Key Animation Studio'],Recent/Airing
Youkoso Jitsuryoku Shijou Shugi no Kyoushitsu e 4th Season: 2-nensei-hen 1 Gakki,8.0,2026-04-01,16,"['Drama', 'Psychological', 'School', 'Suspense']",['Lerche'],Recent/Airing
Koori no Jouheki,7.95,2026-04-02,0,"['Drama', 'Romance', 'School']",['Studio KAI'],Recent/Airing
Yomi no Tsugai,7.94,2026-04-04,24,"['Action', 'Adventure', 'Shounen', 'Supernatural']",['Bones Film'],Recent/Airing
Class de 2-banme ni Kawaii Onnanoko to Tomodachi ni Natta,7.92,2026-04-07,12,"['Romance', 'School']",['Connect'],Recent/Airing
"Kamiina Botan, Yoeru Sugata wa Yuri no Hana",7.92,2026-04-11,12,"['Adult Cast', 'CGDCT', 'Girls Love', 'Gourmet', 'Slice of Life']",['Soigne'],Recent/Airing
Akane-banashi,7.88,2026-04-04,12,"['Drama', 'Performing Arts', 'Shounen']",['Zexcs'],Recent/Airing
Wanmei Shijie,7.87,2021-04-23,286,"['Action', 'Adventure', 'Fantasy', 'Historical', 'Martial Arts']",['Foch Film'],Recent/Airing
Honzuki no Gekokujou: Shisho ni Naru Tame ni wa Shudan wo Erandeiraremasen - Ryoushu no Youjo,7.85,2026-04-04,0,"['Fantasy', 'Isekai', 'Reincarnation']",['Wit Studio'],Recent/Airing
Crayon Shin-chan,7.82,1992-04-13,0,"['Comedy', 'Ecchi', 'School', 'Seinen']",['Shin-Ei Animation'],Recent/Airing
Doraemon (2005),7.78,2005-04-22,0,"['Anthropomorphic', 'Comedy', 'Kids', 'Sci-Fi', 'Shounen']",['Shin-Ei Animation'],Recent/Airing
Zhe Tian,7.75,2023-05-03,208,"['Action', 'Adventure', 'Fantasy', 'Martial Arts', 'Sci-Fi']",['Original Force'],Recent/Airing
Shunkashuutou Daikousha: Haru no Mai,7.67,2026-03-29,14,"['Drama', 'Fantasy', 'Romance', 'Urban Fantasy']",['Wit Studio'],Recent/Airing
Ze Tian Ji (2026),7.67,2026-01-31,26,"['Action', 'Adventure', 'Fantasy', 'Historical', 'Martial Arts']",['Shenman Entertainment'],Recent/Airing
Yozakura-san Chi no Daisakusen 2nd Season,7.66,2026-04-12,0,"['Action', 'Comedy', 'Shounen']",['SILVER LINK.'],Recent/Airing
Gensou Mangekyou: The Memories of Phantasm,7.64,2011-08-12,0,['Fantasy'],['Manpuku Jinja'],Recent/Airing
Wushen Zhuzai,7.61,2020-03-08,720,"['Action', 'Drama', 'Fantasy', 'Historical', 'Martial Arts']","['Ruo Hong Culture', 'Manhoo Culture']",Recent/Airing
Meitantei Precure!,7.59,2026-02-01,0,"['Action', 'Detective', 'Mahou Shoujo', 'Mystery', 'Time Travel']",['Toei Animation'],Recent/Airing
Otaku ni Yasashii Gal wa Inai!?,7.58,2026-04-08,12,"['Comedy', 'Otaku Culture', 'Romance', 'School', 'Seinen']",['TMS Entertainment'],Recent/Airing
Ponkotsu Fuuki Iin to Skirt-take ga Futekisetsu na JK no Hanashi,7.58,2026-04-06,12,"['Comedy', 'Romance', 'School', 'Shounen']",['Zero-G'],Recent/Airing
"Yamato yo, Towa ni: Rebel 3199",7.58,2024-07-19,0,"['Action', 'Adult Cast', 'Drama', 'Military', 'Sci-Fi', 'Space']",['studio MOTHER'],Recent/Airing
Koupen-chan,7.55,2025-04-06,0,"['Anthropomorphic', 'Iyashikei', 'Slice of Life']",['Lesprit'],Recent/Airing
Marriagetoxin,7.53,2026-04-07,13,"['Action', 'Adult Cast', 'Comedy', 'Shounen']",['Bones Film'],Recent/Airing
Shen Mu: Nian Fan,7.53,2025-08-08,52,"['Action', 'Adventure', 'Fantasy', 'Historical', 'Martial Arts']","['Wonder Cat Animation', 'Yien Animation Studio']",Recent/Airing
Jishou Akuyaku Reijou na Konyakusha no Kansatsu Kiroku.,7.52,2026-04-06,12,"['Comedy', 'Fantasy', 'Isekai', 'Romance', 'Villainess']",['Ashi Productions'],Recent/Airing
Fanren Xiu Xian Zhuan: Mulan Zhi Zhan,7.47,2026-06-13,52,"['Action', 'Adventure', 'Fantasy', 'Historical', 'Martial Arts']","['Original Force', 'Wonder Cat Animation']",Recent/Airing
Kill Ao,7.46,2026-04-11,12,"['Action', 'Comedy', 'School', 'Shounen']",['Cue'],Recent/Airing
Chibi Maruko-chan (1995),7.43,1995-01-08,0,"['Comedy', 'School', 'Shoujo']",['Nippon Animation'],Recent/Airing
Isekai Nonbiri Nouka 2,7.43,2026-04-06,12,"['Fantasy', 'Isekai', 'Slice of Life']",['Zero-G'],Recent/Airing
Lian Qi Shi Wan Nian,7.41,2023-02-18,360,"['Action', 'Adventure', 'Fantasy', 'Historical', 'Martial Arts']",['Suoyi Technology'],Recent/Airing
Pokemon (2023),7.41,2023-04-14,0,"['Action', 'Adventure', 'Comedy', 'Fantasy', 'Kids']",['OLM'],Recent/Airing
Cang Yuan Tu 3,7.4,2026-04-03,0,"['Action', 'Adventure', 'Fantasy', 'Historical', 'Martial Arts']",['Shenman Entertainment'],Recent/Airing
Otonari no Tenshi-sama ni Itsunomanika Dame Ningen ni Sareteita Ken 2,7.37,2026-04-03,12,"['Romance', 'School']",['Project No.9'],Recent/Airing
Cheng He Titong 2nd Season,7.36,2026-01-25,24,"['Comedy', 'Historical', 'Isekai', 'Romance']",['Shengying Animation'],Recent/Airing
Hifuu Katsudou Kiroku: The Sealed Esoteric History,7.35,2015-12-29,0,['Fantasy'],[],Recent/Airing
Kami no Niwatsuki Kusunoki-tei,7.32,2026-04-05,12,"['Adult Cast', 'Iyashikei', 'Mythology', 'Slice of Life', 'Supernatural']",['Juvenage'],Recent/Airing
Aishiteru Game wo Owarasetai,7.3,2026-04-14,12,"['Comedy', 'Romance', 'School']",['Felix Film'],Recent/Airing
Ni Tian Zhizun,7.3,2021-07-16,580,"['Action', 'Fantasy', 'Martial Arts']",['Suoyi Technology'],Recent/Airing
Touhou Niji Sousaku Doujin Anime: Musou Kakyou,7.3,2008-12-29,0,"['Fantasy', 'Vampire']",['Maikaze'],Recent/Airing
Girigiri Warukunai Watame,7.24,2022-01-07,0,['Comedy'],['Hololive Production'],Recent/Airing
Re:Zero kara Hajimeru Break Time 4th Season,7.23,2026-04-08,0,['Comedy'],['Studio PuYUKAI'],Recent/Airing
Wu Shang Shen Di 2nd Season,7.22,2021-05-21,0,"['Action', 'Adventure', 'Fantasy', 'Historical', 'Martial Arts']",['Ruo Hong Culture'],Recent/Airing
Oneechan Gokko,7.2,2026-01-31,3,"['Mystery', 'Psychological', 'Supernatural', 'Suspense']",['Studio Gohan'],Recent/Airing
Dan Dao Zhizun,7.18,2023-12-22,0,"['Action', 'Adventure', 'Fantasy', 'Historical', 'Martial Arts']","['Ruo Hong Culture', 'Manhoo Culture']",Recent/Airing
Wan Jie Du Zun 3rd Season,7.17,2024-11-30,224,"['Action', 'Adventure', 'Fantasy', 'Historical', 'Martial Arts']",['Ruo Hong Culture'],Recent/Airing
Digimon Beatbreak,7.14,2025-10-05,0,"['Action', 'Fantasy', 'Sci-Fi']",['Toei Animation'],Recent/Airing
Higeki no Genkyou to Naru Saikyou Gedou Last Boss Joou wa Tami no Tame ni Tsukushimasu. Season 2,7.12,2026-04-07,12,"['Fantasy', 'Isekai', 'Josei', 'Villainess']",['OLM'],Recent/Airing
Nintama Rantarou,7.1,1993-04-10,0,"['Comedy', 'Kids']","['Ajia-do', 'Gakken']",Recent/Airing
Shenkong Bi An,7.1,2026-01-16,26,"['Action', 'Adventure', 'Fantasy', 'Sci-Fi']",['Motion Magic'],Recent/Airing
Mao,7.04,2026-04-04,0,"['Historical', 'Mystery', 'Mythology', 'Shounen', 'Supernatural', 'Time Travel']",['Sunrise'],Recent/Airing
Da Zhuzai: Nian Fan 2,7.0,2026-01-09,52,"['Action', 'Adventure', 'Fantasy', 'Historical', 'Martial Arts', 'Romance']",['Motion Magic'],Recent/Airing
"Replica datte, Koi wo Suru.",7.0,2026-04-07,13,"['Drama', 'Romance', 'School', 'Supernatural']",['Voil'],Recent/Airing
GANSO! BanG Dream Chan,6.97,2025-10-02,52,['Music'],[],Recent/Airing
Nikenichi! Non Non Zenshou Kichi,6.96,2026-05-22,0,"['Comedy', 'Sci-Fi']",[],Recent/Airing
Doraemon (2005) Specials,6.95,2005-04-15,0,"['Comedy', 'Seinen']",['Shin-Ei Animation'],Recent/Airing
Ling Wu Dalu,6.91,2024-07-26,0,"['Action', 'Adventure', 'Fantasy', 'Reincarnation']",['Suoyi Technology'],Recent/Airing
Kanan-sama wa Akumade Choroi,6.9,2026-04-05,12,"['Comedy', 'Ecchi', 'Romance', 'School', 'Shounen', 'Supernatural']",['Studio KAI'],Recent/Airing
Panlong,6.9,2026-04-30,20,"['Action', 'Adventure', 'Fantasy']","['CG Year', 'Qingkong Qian Li']",Recent/Airing
Wei Miao Rensheng,6.89,2025-11-11,36,"['Pets', 'Romance', 'Supernatural', 'Workplace']",['Paper Plane Animation Studio'],Recent/Airing
Beyblade X,6.88,2023-10-06,0,"['Adventure', 'Kids', 'Sports']",['OLM'],Recent/Airing
Girls und Panzer: Motto Love Love Sakusen desu! Specials,6.84,2025-12-26,0,"['Comedy', 'School', 'Seinen']","['Actas', 'P.A. Works']",Recent/Airing
Awajima Hyakkei,6.82,2026-04-10,12,"['Drama', 'Performing Arts', 'School']",['Madhouse'],Recent/Airing
Himekishi wa Barbaroi no Yome,6.82,2026-04-09,12,"['Comedy', 'Fantasy', 'Romance', 'Shounen']",['Jumondou'],Recent/Airing
Crayon Shin-chan Specials,6.81,1992-12-28,0,"['Comedy', 'Ecchi', 'School', 'Seinen']",['Shin-Ei Animation'],Recent/Airing
Needy Girl Overdose,6.75,2026-04-05,13,"['Avant Garde', 'Otaku Culture', 'Psychological']",['Yostar Pictures'],Recent/Airing
Dushi Gu Xian Yi,6.74,2024-10-02,0,"['Action', 'Adventure', 'Fantasy', 'Martial Arts', 'Medical', 'Sci-Fi', 'Time Travel']",['Xing Yi Kai Chen'],Recent/Airing
Sore Ike! Anpanman,6.74,1988-10-03,0,"['Comedy', 'Fantasy', 'Kids']",['TMS Entertainment'],Recent/Airing
Mahou no Shimai Lulutto Lilly,6.72,2026-04-05,12,['Mahou Shoujo'],['Studio Pierrot'],Recent/Airing
Sou Shen Ji (ONA),6.7,2026-03-25,24,"['Action', 'Adventure', 'Fantasy', 'Historical', 'Martial Arts']",['CG Year'],Recent/Airing
Dungeons & Television,6.69,2025-08-09,0,"['Adventure', 'Fantasy']",[],Recent/Airing
Mofusand,6.65,2025-12-22,0,"['Comedy', 'Pets']","[""Monster's Egg""]",Recent/Airing
Tom to Jerry Gokko,6.65,2022-11-11,0,"['Comedy', 'Kids']","['Fanworks', 'Studio Nanahoshi']",Recent/Airing
Enter The Garden,6.64,2024-05-01,3,[],[],Recent/Airing
Snowball Earth,6.64,2026-04-03,13,"['Adventure', 'Mecha', 'Sci-Fi', 'Seinen']",['Studio KAI'],Recent/Airing
"Megami ""Isekai Tensei Nani ni Naritai desu ka"" Ore ""Yuusha no Rokkotsu de""",6.58,2026-04-08,12,"['Comedy', 'Fantasy', 'Isekai', 'Parody', 'Reincarnation']","['Qzil.la', 'S.o.K']",Recent/Airing
Candy Caries,6.55,2026-04-16,0,"['Comedy', 'Fantasy']",['Wit Studio'],Recent/Airing
Jidou Hanbaiki ni Umarekawatta Ore wa Meikyuu wo Samayou 3rd Season,6.54,2026-04-01,12,"['Comedy', 'Fantasy', 'Isekai', 'Reincarnation']","['Studio Gokumi', 'AXsiZ']",Recent/Airing
Kuroneko to Majo no Kyoushitsu,6.54,2026-04-12,0,"['Comedy', 'Fantasy', 'School']",['LIDENFILMS'],Recent/Airing
Holo no Graffiti Specials,6.53,2019-04-29,0,['Comedy'],['Hololive Production'],Recent/Airing
Ani x Para: Anata no Hero wa Dare desu ka,6.51,2017-11-10,0,"['Educational', 'Sports']","['Nippon Animation', 'Gallop', 'TMS Entertainment', 'SynergySP', 'DLE', 'Bandai Namco Pictures']",Recent/Airing
Yuusha no Kuzu,6.51,2026-01-11,24,"['Action', 'Organized Crime', 'Super Power']",['OLM'],Recent/Airing
"Tadaima, Ojamasaremasu!",6.47,2026-04-08,12,"['Adult Cast', 'Comedy', 'Otaku Culture', 'Romance', 'Shoujo']",['Tatsunoko Production'],Recent/Airing
Yowayowa Sensei,6.47,2026-04-11,12,"['Comedy', 'Ecchi', 'Love Status Quo', 'Romance', 'School', 'Shounen']","[""Brain's Base""]",Recent/Airing
Bonobono (TV 2016),6.43,2016-04-02,0,"['Anthropomorphic', 'Comedy']",['Eiken'],Recent/Airing
Ichijouma Mankitsugurashi!,6.42,2026-04-12,11,"['CGDCT', 'Comedy', 'Ecchi']",['PRA'],Recent/Airing
Hokuto no Ken: Fist of the North Star,6.4,2026-04-11,0,"['Action', 'Drama', 'Gore', 'Martial Arts', 'Sci-Fi', 'Shounen']",['TMS Entertainment'],Recent/Airing
Yu-Gi-Oh! Card Game: The Chronicles,6.39,2025-04-21,0,"['Action', 'Adventure', 'Fantasy', 'Sci-Fi']",['Konami animation'],Recent/Airing
Ojarumaru,6.35,1998-10-05,0,"['Adventure', 'Award Winning', 'Comedy', 'Fantasy', 'Kids']",['Gallop'],Recent/Airing
Koala Enikki,6.34,2025-10-02,0,"['Anthropomorphic', 'Slice of Life']",['studio MOTHER'],Recent/Airing
Liar Game,6.33,2026-04-07,0,"['Drama', 'High Stakes Game', 'Psychological', 'Seinen', 'Strategy Game', 'Suspense']",['Madhouse'],Recent/Airing
Kujima Utaeba Ie Hororo,6.29,2026-04-09,12,"['Iyashikei', 'Shounen', 'Slice of Life', 'Supernatural']",['Studio Hibari'],Recent/Airing
Rilakkuma,6.26,2026-04-04,0,"['Anthropomorphic', 'Iyashikei', 'Slice of Life']",['Production I.G'],Recent/Airing
Ugoku! Neko Mukashibanashi,6.19,2025-10-15,0,"['Anthropomorphic', 'Comedy']",['Studio Comet'],Recent/Airing
6HP (Six Hearts Princess),6.16,2016-12-30,0,['Mahou Shoujo'],['Poncotan'],Recent/Airing
Sazae-san,6.16,1969-10-05,0,['Comedy'],['Eiken'],Recent/Airing
Fushigi Dagashiya: Zenitendou,6.15,2020-09-08,0,"['Kids', 'Mystery']","['Toei Animation', 'Gallop', 'Kanaban Graphics']",Recent/Airing
Puzzle & Dragon,6.1,2018-04-02,0,"['Kids', 'Strategy Game']",['Studio Pierrot'],Recent/Airing
Hidarikiki no Eren,6.09,2026-04-08,13,"['Adult Cast', 'Drama', 'Shounen', 'Visual Arts']","['Production I.G', 'Signal.MD']",Recent/Airing
Hanakappa,6.03,2010-03-29,0,"['Comedy', 'Kids']","['Xebec', 'OLM']",Recent/Airing
Reincarnation no Kaben,5.97,2026-04-03,13,"['Action', 'Mystery', 'Reincarnation', 'Shounen', 'Supernatural']",['BENTEN Film'],Recent/Airing
Kami no Shizuku,5.95,2026-04-10,24,"['Adult Cast', 'Drama', 'Gourmet', 'Mystery', 'Seinen']",['Satelight'],Recent/Airing
Onegai AiPri,5.91,2026-04-05,0,"['Idols (Female)', 'Music']","['OLM', 'Dongwoo A&E']",Recent/Airing
Magical Suite Prism Nana,5.9,2015-11-29,7,['Mahou Shoujo'],['Shaft'],Recent/Airing
Kamiusagi Rope: Warau Asa ni wa Fukuraitaru tte Maji ssuka!?,5.82,2012-11-16,0,"['Anthropomorphic', 'Comedy']",[],Recent/Airing
"Saikyou no Ousama, Nidome no Jinsei wa Nani wo Suru? Season 2",5.82,2026-04-01,12,"['Fantasy', 'Isekai', 'Reincarnation']",['Studio A-CAT'],Recent/Airing
"Kanojo, Okarishimasu 5th Season",5.77,2026-04-11,12,"['Adult Cast', 'Comedy', 'Harem', 'Romance', 'Shounen']",['TMS Entertainment'],Recent/Airing
Ponkotsu Quest: Maou to Haken no Mamono-tachi,5.71,2013-08-22,0,"['Comedy', 'Fantasy', 'Parody']",['Pie in the sky'],Recent/Airing
Ninjala (TV),5.58,2022-01-08,0,['Action'],['OLM'],Recent/Airing
CoroCoro Monster Ball,5.49,2019-02-22,0,"['Fantasy', 'Kids']",[],Recent/Airing
Pokemon de Manabi Asobu,5.4,2019-06-12,0,"['Comedy', 'Educational', 'Kids']",[],Recent/Airing
Ghost Concert: Missing Songs,5.35,2026-04-06,12,"['Action', 'Music', 'Sci-Fi', 'Supernatural']",['ENGI'],Recent/Airing
Kirin the Noop,5.31,2014-02-06,0,['Adventure'],[],Recent/Airing
Komekami! Girls,5.29,2026-04-08,12,[],"['Daily Plan.net', 'SO-DO Creative']",Recent/Airing
Hyakki Yakoushou,5.21,2026-04-07,12,"['Historical', 'Horror', 'Mystery', 'Romance', 'Shoujo', 'Supernatural']","['Imagica Infos', 'Imageworks Studio']",Recent/Airing
A Si yu Xiao Lingdang,,2020-07-22,0,"['Comedy', 'Fantasy', 'Romance']",['Buzhi Dongman'],Recent/Airing
Anmari Yakunitatanai Nihonshi,,2025-06-29,0,"['Comedy', 'Historical']",[],Recent/Airing
AOTU Shijie Reborn,,2025-03-14,0,"['Action', 'Adventure', 'Fantasy', 'Sci-Fi', 'Shounen', 'Space', 'Survival', 'Suspense']",[],Recent/Airing
Azarashi no Eru Aru,,2025-07-01,0,"['Anthropomorphic', 'Iyashikei', 'Slice of Life']",['Studio Artegg'],Recent/Airing
Bebefinn,,2022-05-16,0,"['Kids', 'Music', 'Slice of Life']",[],Recent/Airing
Biao Ren Er,,2026-06-11,8,"['Action', 'Historical']",['Colored Pencil Animation'],Recent/Airing
Black Channel (ONA),,2020-08-31,0,"['Comedy', 'Mythology', 'Supernatural']",[],Recent/Airing
Bugchon 5-lagil Ssangdungine,,2025-09-01,0,['Comedy'],['Atoonz'],Recent/Airing
Chan Chiho Challenge Channel,,2023-02-10,0,"['Comedy', 'Kids']",['Pie in the sky'],Recent/Airing
Cheng Huang Lu,,2026-06-09,6,"['Action', 'Supernatural']","['UKA', 'Wuhu Studio']",Recent/Airing
Cheongchun Blossom: Uliui Bom,,2026-04-15,12,"['Love Polygon', 'Romance']",[],Recent/Airing
Chibi Godzilla no Gyakushuu 3rd Season,,2025-07-02,0,"['Fantasy', 'Kids']",['Pie in the sky'],Recent/Airing
Cinnamon Anime Damon,,2023-03-03,0,"['Anthropomorphic', 'Slice of Life']",[],Recent/Airing
Da Xia Ba Xingqiu,,2023-09-01,0,['Comedy'],[],Recent/Airing
Dadao Duxing: Die Long Bian,,2026-04-06,16,"['Action', 'Drama', 'Fantasy', 'Historical', 'Martial Arts']",['Wonder Cat Animation'],Recent/Airing
Dao Yao Xing,,2026-03-03,60,"['Action', 'Adventure', 'Fantasy', 'Historical', 'Martial Arts']",['Suoyi Technology'],Recent/Airing
Dream Photobooth,,2025-04-22,0,['Fantasy'],['Noovo'],Recent/Airing
Elleair x Kamiusagi Rope,,2018-01-03,0,"['Anthropomorphic', 'Comedy']",[],Recent/Airing
Fei Ren Zai 3rd Season Part 2,,2026-05-05,12,"['Comedy', 'Mythology', 'Supernatural']",['Fenz'],Recent/Airing
Freestyle Shin-chan: Kasukabe no Rapper,,2022-01-08,0,"['Comedy', 'Kids', 'Music']",['Shin-Ei Animation'],Recent/Airing
Gekkan! Nanmono Anime,,2025-04-30,0,"['Anthropomorphic', 'Slice of Life']",['Lesprit'],Recent/Airing
Go! Go! Tokyo MER: Kinkyuujitai to Tatakau Nakama-tachi,,2022-01-05,0,"['Comedy', 'Workplace']",['FUNNY MOVIE'],Recent/Airing
Gohan Kaijuu Pap,,2011-04-25,0,"['Action', 'Comedy', 'Kids']",['DLE'],Recent/Airing
Haru ni Nattara Koguma no Yugo Monogatari,,2020-05-29,0,"['Iyashikei', 'Kids', 'Slice of Life']",[],Recent/Airing
Hatachi no Ryouma with Kurofune-kun!,,2018-08-01,0,"['Historical', 'Kids', 'Sci-Fi']",['DLE'],Recent/Airing
Himawari Girls Mini Anime,,2020-12-28,0,"['Comedy', 'Kids']",[],Recent/Airing
Himitsukessha Taka no Tsume GG,,2018-07-19,0,"['Comedy', 'Parody', 'Super Power']",[],Recent/Airing
Hodong Wangjawa Laglang Gongju (2022),,2022-12,0,"['Drama', 'Historical']",['SEK Studios'],Recent/Airing
Honda Bike x Kuromi,,2025-07-08,0,"['Anthropomorphic', 'Fantasy', 'Slice of Life']",[],Recent/Airing
I Love Me 2nd Season,,2022-10-23,0,['Kids'],['Oddjob'],Recent/Airing
iichiko Story,,2021-06-24,0,"['Adult Cast', 'Slice of Life']","['DR Movie', 'Chiptune', 'Flat Studio']",Recent/Airing
Inpuru-kun no Sonzai Shinai Oshigoto,,2025-09-01,0,"['Comedy', 'Gag Humor']",[],Recent/Airing
Jiang Ye,,2026-04-23,19,"['Action', 'Drama', 'Fantasy', 'Historical']",['Wonder Cat Animation'],Recent/Airing
Jueshi Zhan Hun 2nd Season,,2026-06-09,100,"['Action', 'Adventure', 'Fantasy', 'Historical', 'Martial Arts']","['Zhonghui Donghua', 'Sanjie Donghua']",Recent/Airing
Kai Pai La! Guaishou Da Dianying,,2026-04-24,12,"['Comedy', 'Supernatural']",['HuaMei Animation'],Recent/Airing
Kaixin Chui Chui,,2015,0,['Comedy'],[],Recent/Airing
Kamiusagi Rope (ONA),,2013-07-15,0,"['Anthropomorphic', 'Comedy']",[],Recent/Airing
Kamiusagi Rope x TOHO Cinemas,,2009-11-05,0,['Comedy'],[],Recent/Airing
Kamiusagi Rope x TOHO Cinemas (Movies),,2014-01-11,0,['Comedy'],[],Recent/Airing
Keito no Yousei: Knit to Wool,,2015-08-24,0,"['Fantasy', 'Kids']",[],Recent/Airing
Keshikko,,2019-01-07,0,"['Kids', 'Music']",[],Recent/Airing
Kidou Keisatsu Patlabor: EZY,,2026-05-15,8,"['Comedy', 'Mecha', 'Sci-Fi', 'Workplace']",['J.C.Staff'],Recent/Airing
Kodomo datte Tsurai yo,,2019-07-02,0,"['Kids', 'Slice of Life']",['Kate Arrow'],Recent/Airing
Konigiri-kun,,2015-02-20,0,['Kids'],[],Recent/Airing
Kumarba Season 3,,2026-04-12,0,['Kids'],['Akatsuki Media Studio'],Recent/Airing
Leer he Guoguo,,2020-09-04,0,"['Comedy', 'Romance']",[],Recent/Airing
Looney Tunes Gokko,,2026-04-30,0,"['Anthropomorphic', 'Comedy', 'Pets']","['Fanworks', 'Studio Nanahoshi']",Recent/Airing
Manul no Yuube,,2018-11-11,0,['Slice of Life'],[],Recent/Airing
Matatabi Movie Labo,,2020-08-01,0,"['Anthropomorphic', 'Comedy', 'Gag Humor']",[],Recent/Airing
Matsuo no Anime,,2019-09-29,0,"['Anthropomorphic', 'Comedy']",[],Recent/Airing
Metal Cardbot W,,2025-12-04,26,"['Action', 'Kids', 'Sci-Fi']",[],Recent/Airing
Mori no Ratio,,2010-03-26,0,"['Adventure', 'Fantasy', 'Kids']",[],Recent/Airing
Mouse Doubutsuen,,2016-08-29,0,['Comedy'],['Pollyanna Graphics'],Recent/Airing
Mukashibanashi no Oheya: Tsutaetai Nihon Mukashibanashi,,2020-06-14,0,"['Fantasy', 'Kids']",['Oddjob'],Recent/Airing
Nandemo Bakukai! Koyori-chan,,2023-08-17,0,['Comedy'],[],Recent/Airing
Naui Bimilchingu Haechi,,2025-10-08,0,"['Comedy', 'Fantasy', 'Kids']",[],Recent/Airing
Nezumi-kun no Chokki (TV),,2026-04-04,0,"['Anthropomorphic', 'Fantasy', 'Kids']",[],Recent/Airing
Ninja Box 3rd Season,,2020-03-26,0,"['Action', 'Comedy', 'Fantasy', 'Kids']",[],Recent/Airing
Nintama Rantarou no Uchuu Daibouken with Cosmic Front☆Next,,2016-02-11,0,"['Adventure', 'Comedy', 'Kids', 'Space']",['Ajia-do'],Recent/Airing
Nitian Xie Shen: Nian Fan,,2026-04-16,52,"['Action', 'Adventure', 'Fantasy', 'Historical', 'Martial Arts']",['Foch Film'],Recent/Airing
Nui Story 2,,2024-10-19,0,['Comedy'],['Piso Studio'],Recent/Airing
Nyan Dere,,2025-07-25,0,"['Anthropomorphic', 'Slice of Life']",[],Recent/Airing
Nyanchus,,2024-04-05,0,"['Anthropomorphic', 'Kids', 'Sci-Fi', 'Space']",['Fugaku'],Recent/Airing
Odekake Kozame 2nd Season,,2026-04-12,0,"['Anthropomorphic', 'Slice of Life']",['ENGI'],Recent/Airing
Oidon to,,2015-12-02,0,"['Kids', 'Sports']",[],Recent/Airing
Onaka ga Guuguu Island,,2024-09-25,0,"['Anthropomorphic', 'Fantasy', 'Gourmet']",['Tsumupapa'],Recent/Airing
Origami Ninja Koyankinte,,2020-04-07,0,"['Comedy', 'Kids']",['Directions'],Recent/Airing
